{
    "target": "TOI-444",
    "planet_name": "TOI-444 b",
    "from": "Transit (TESS)",
    "stellar": {
        "radius_Rsun": 0.794471,
        "mass_Msun": 0.85
    },
    "bls": {
        "period_days": 14.672936729367295,
        "t0": 1422.6810760463932,
        "depth": 0.0015927596961373964,
        "duration_days": 0.2
    },
    "physical": {
        "planet_radius_Rearth": 3.458468760328922,
        "semi_major_axis_AU": 0.11110972017374929
    },
    "NEA": {
        "NEA_pl_name": "TOI-444 b",
        "NEA_st_host": "TOI-444",
        "NEA_st_Teff": 5225.0,
        "NEA_st_rad": 0.779,
        "NEA_st_mass": 0.96,
        "NEA_ra": 64.1839982,
        "NEA_dec": -26.7664071,
        "NEA_period_day": 17.9636,
        "NEA_a_au": 0.133,
        "NEA_a_au_err1": 0.006,
        "NEA_a_au_err2": 0.006,
        "NEA_pl_rad_e:": 2.77,
        "NEA_pl_rad_e_err1": 0.2,
        "NEA_pl_rad_e_err2": -0.2,
        "NEA_pl_mass": NaN,
        "NEA_ins_flux": NaN,
        "NEA_pl_eq_temp": 609.0
    }
}