{
    "target": "TOI-1221",
    "planet_name": "TOI-1221 b",
    "from": "Transit (TESS)",
    "stellar": {
        "radius_Rsun": 1.01814,
        "mass_Msun": 1.01
    },
    "bls": {
        "period_days": 18.336438364383643,
        "t0": 1330.8453234897736,
        "depth": 7.365043321014651e-05,
        "duration_days": 0.33
    },
    "physical": {
        "planet_radius_Rearth": 0.9530722664391384,
        "semi_major_axis_AU": 0.13653735809213055
    },
    "NEA": {
        "NEA_pl_name": "TOI-1221 b",
        "NEA_st_host": "TOI-1221",
        "NEA_st_Teff": 5592.0,
        "NEA_st_rad": 1.031,
        "NEA_st_mass": 0.93,
        "NEA_ra": 107.9210254,
        "NEA_dec": -65.5088568,
        "NEA_period_day": 91.68278,
        "NEA_a_au": 0.387,
        "NEA_a_au_err1": 0.026,
        "NEA_a_au_err2": 0.026,
        "NEA_pl_rad_e:": 2.91,
        "NEA_pl_rad_e_err1": 0.13,
        "NEA_pl_rad_e_err2": -0.12,
        "NEA_pl_mass": 1112.3994245,
        "NEA_ins_flux": 6.06,
        "NEA_pl_eq_temp": 440.0
    }
}