{
    "target": "TOI-2416",
    "planet_name": "TOI-2416 b",
    "from": "Transit (TESS)",
    "stellar": {
        "radius_Rsun": 1.38931,
        "mass_Msun": 1.0
    },
    "bls": {
        "period_days": 8.275507755077552,
        "t0": 2062.9017835689506,
        "depth": 0.004667910324191314,
        "duration_days": 0.15
    },
    "physical": {
        "planet_radius_Rearth": 10.353593099479408,
        "semi_major_axis_AU": 0.08006895283316592
    },
    "NEA": {
        "NEA_pl_name": "TOI-2416 b",
        "NEA_st_host": "TOI-2416",
        "NEA_st_Teff": 5808.0,
        "NEA_st_rad": 1.236,
        "NEA_st_mass": 1.118,
        "NEA_ra": 57.3389409,
        "NEA_dec": -60.7871861,
        "NEA_period_day": 8.275479,
        "NEA_a_au": 0.0831,
        "NEA_a_au_err1": 0.0007,
        "NEA_a_au_err2": 0.0007,
        "NEA_pl_rad_e:": 9.86390302,
        "NEA_pl_rad_e_err1": 0.22417961,
        "NEA_pl_rad_e_err2": -0.22417961,
        "NEA_pl_mass": 953.485221,
        "NEA_ins_flux": NaN,
        "NEA_pl_eq_temp": 1080.0
    }
}