{
    "target": "TOI-2128",
    "planet_name": "TOI-2128 b",
    "from": "Transit (TESS)",
    "stellar": {
        "radius_Rsun": 1.12506,
        "mass_Msun": 1.1
    },
    "bls": {
        "period_days": 13.993159931599315,
        "t0": 1997.3344778511457,
        "depth": 9.840437118612151e-05,
        "duration_days": 0.15
    },
    "physical": {
        "planet_radius_Rearth": 1.21734467033428,
        "semi_major_axis_AU": 0.11731200991360721
    },
    "NEA": {
        "NEA_pl_name": "TOI-2128 b",
        "NEA_st_host": "TOI-2128",
        "NEA_st_Teff": 5968.0,
        "NEA_st_rad": 1.1174,
        "NEA_st_mass": 1.0251,
        "NEA_ra": 256.9817998,
        "NEA_dec": 32.1053027,
        "NEA_period_day": 16.34136,
        "NEA_a_au": 0.127,
        "NEA_a_au_err1": 0.003,
        "NEA_a_au_err2": 0.003,
        "NEA_pl_rad_e:": 2.08874836,
        "NEA_pl_rad_e_err1": 0.08866263,
        "NEA_pl_rad_e_err2": -0.07642236,
        "NEA_pl_mass": 4.5,
        "NEA_ins_flux": NaN,
        "NEA_pl_eq_temp": 780.53
    }
}