{
    "target": "TOI-1448",
    "planet_name": "TOI-1448 b",
    "from": "Transit (TESS)",
    "stellar": {
        "radius_Rsun": 0.381586,
        "mass_Msun": 0.370553
    },
    "bls": {
        "period_days": 8.11229112291123,
        "t0": 1713.331810528291,
        "depth": 0.003438026586531088,
        "duration_days": 0.1
    },
    "physical": {
        "planet_radius_Rearth": 2.4404939037729036,
        "semi_major_axis_AU": 0.05675187026860682
    },
    "NEA": {
        "NEA_pl_name": "TOI-1448 b",
        "NEA_st_host": "TOI-1448",
        "NEA_st_Teff": 3412.0,
        "NEA_st_rad": 0.38,
        "NEA_st_mass": 0.372,
        "NEA_ra": 316.324003,
        "NEA_dec": 57.7710946,
        "NEA_period_day": 8.112245,
        "NEA_a_au": 0.0567,
        "NEA_a_au_err1": 0.0015,
        "NEA_a_au_err2": 0.0015,
        "NEA_pl_rad_e:": 2.749,
        "NEA_pl_rad_e_err1": 0.067,
        "NEA_pl_rad_e_err2": -0.063,
        "NEA_pl_mass": 19.5,
        "NEA_ins_flux": 5.45,
        "NEA_pl_eq_temp": 426.0
    }
}