{
    "target": "TOI-132",
    "planet_name": "TOI-132 b",
    "from": "Transit (TESS)",
    "stellar": {
        "radius_Rsun": 0.940806,
        "mass_Msun": 0.91
    },
    "bls": {
        "period_days": 2.109741097410974,
        "t0": 1326.8754125257321,
        "depth": 0.0007252945202940399,
        "duration_days": 0.1
    },
    "physical": {
        "planet_radius_Rearth": 2.763681273897443,
        "semi_major_axis_AU": 0.031196146759787827
    },
    "NEA": {
        "NEA_pl_name": "TOI-132 b",
        "NEA_st_host": "TOI-132",
        "NEA_st_Teff": 5397.0,
        "NEA_st_rad": 0.9,
        "NEA_st_mass": 0.97,
        "NEA_ra": 338.3996623,
        "NEA_dec": -43.436872,
        "NEA_period_day": 2.1097019,
        "NEA_a_au": 0.026,
        "NEA_a_au_err1": 0.002,
        "NEA_a_au_err2": 0.002,
        "NEA_pl_rad_e:": 3.42,
        "NEA_pl_rad_e_err1": 0.13,
        "NEA_pl_rad_e_err2": -0.14,
        "NEA_pl_mass": 22.4,
        "NEA_ins_flux": 860.0,
        "NEA_pl_eq_temp": 1395.0
    }
}