{
    "target": "TOI-1227",
    "planet_name": "TOI-1227 b",
    "from": "Transit (TESS)",
    "stellar": {
        "radius_Rsun": 0.44128,
        "mass_Msun": 0.437175
    },
    "bls": {
        "period_days": 1.6610416104161043,
        "t0": 1599.7005996025614,
        "depth": 0.005197748574049769,
        "duration_days": 0.33
    },
    "physical": {
        "planet_radius_Rearth": 3.4701844367620223,
        "semi_major_axis_AU": 0.020832425126933847
    },
    "NEA": {
        "NEA_pl_name": "TOI-1227 b",
        "NEA_st_host": "TOI-1227",
        "NEA_st_Teff": 3072.0,
        "NEA_st_rad": 0.56,
        "NEA_st_mass": 0.17,
        "NEA_ra": 186.7673635,
        "NEA_dec": -72.4518501,
        "NEA_period_day": 27.36397,
        "NEA_a_au": 0.0886,
        "NEA_a_au_err1": 0.0054,
        "NEA_a_au_err2": 0.0054,
        "NEA_pl_rad_e:": 9.57246952,
        "NEA_pl_rad_e_err1": 0.75100171,
        "NEA_pl_rad_e_err2": -0.582867,
        "NEA_pl_mass": NaN,
        "NEA_ins_flux": 3.21,
        "NEA_pl_eq_temp": NaN
    }
}