{
    "target": "TOI-3894",
    "planet_name": "TOI-3894 b",
    "from": "Transit (TESS)",
    "stellar": {
        "radius_Rsun": 1.43344,
        "mass_Msun": 1.21
    },
    "bls": {
        "period_days": 4.334518345183453,
        "t0": 2640.619546702784,
        "depth": 0.005139406205001187,
        "duration_days": 0.15
    },
    "physical": {
        "planet_radius_Rearth": 11.20899487909034,
        "semi_major_axis_AU": 0.05544002307924858
    },
    "NEA": {
        "NEA_pl_name": "TOI-3894 b",
        "NEA_st_host": "TOI-3894",
        "NEA_st_Teff": 6000.0,
        "NEA_st_rad": 1.502,
        "NEA_st_mass": 1.138,
        "NEA_ra": 201.3748265,
        "NEA_dec": 52.7681036,
        "NEA_period_day": 4.3345401,
        "NEA_a_au": 0.05539,
        "NEA_a_au_err1": 0.00079,
        "NEA_a_au_err2": 0.00079,
        "NEA_pl_rad_e:": 15.15454191,
        "NEA_pl_rad_e_err1": 0.59407598,
        "NEA_pl_rad_e_err2": -0.582867,
        "NEA_pl_mass": 279.68899816,
        "NEA_ins_flux": NaN,
        "NEA_pl_eq_temp": 1504.0
    }
}