{
    "target": "TOI-1758",
    "planet_name": "TOI-1758 b",
    "from": "Transit (TESS)",
    "stellar": {
        "radius_Rsun": 0.805886,
        "mass_Msun": 0.88
    },
    "bls": {
        "period_days": 10.352668526685267,
        "t0": 1796.3290782598106,
        "depth": 0.0006259999227197128,
        "duration_days": 0.15
    },
    "physical": {
        "planet_radius_Rearth": 2.199335226053284,
        "semi_major_axis_AU": 0.08908340571705015
    },
    "NEA": {
        "NEA_pl_name": "TOI-1758 b",
        "NEA_st_host": "TOI-1758",
        "NEA_st_Teff": 5151.0,
        "NEA_st_rad": 0.8155,
        "NEA_st_mass": 0.8253,
        "NEA_ra": 354.741581,
        "NEA_dec": 75.6852317,
        "NEA_period_day": 20.705127,
        "NEA_a_au": 0.138,
        "NEA_a_au_err1": 0.003,
        "NEA_a_au_err2": 0.003,
        "NEA_pl_rad_e:": 3.5573684,
        "NEA_pl_rad_e_err1": 0.22777295,
        "NEA_pl_rad_e_err2": -0.14154972,
        "NEA_pl_mass": 6.9,
        "NEA_ins_flux": 21.05,
        "NEA_pl_eq_temp": 551.44
    }
}