{
    "target": "TOI-6086",
    "planet_name": "TOI-6086 b",
    "from": "Transit (TESS)",
    "stellar": {
        "radius_Rsun": 0.256456,
        "mass_Msun": 0.227881
    },
    "bls": {
        "period_days": 14.27337773377734,
        "t0": 1995.1192549046284,
        "depth": 0.0012541986837657814,
        "duration_days": 0.25
    },
    "physical": {
        "planet_radius_Rearth": 0.9906647583230339,
        "semi_major_axis_AU": 0.07033771576289038
    },
    "NEA": {
        "NEA_pl_name": "TOI-6086 b",
        "NEA_st_host": "TOI-6086",
        "NEA_st_Teff": 3200.0,
        "NEA_st_rad": 0.259,
        "NEA_st_mass": 0.254,
        "NEA_ra": 265.3704236,
        "NEA_dec": 30.3037755,
        "NEA_period_day": 1.3888725,
        "NEA_a_au": 0.01541,
        "NEA_a_au_err1": 0.00024,
        "NEA_a_au_err2": 0.00024,
        "NEA_pl_rad_e:": 1.18,
        "NEA_pl_rad_e_err1": 0.07,
        "NEA_pl_rad_e_err2": -0.07,
        "NEA_pl_mass": NaN,
        "NEA_ins_flux": 26.8,
        "NEA_pl_eq_temp": 634.0
    }
}