{
    "target": "TOI-5678",
    "planet_name": "TOI-5678 b",
    "from": "Transit (TESS)",
    "stellar": {
        "radius_Rsun": 0.942022,
        "mass_Msun": 0.97
    },
    "bls": {
        "period_days": 18.507455074550744,
        "t0": 1418.9013970201513,
        "depth": 0.0006118874873837774,
        "duration_days": 0.2
    },
    "physical": {
        "planet_radius_Rearth": 2.5417188562114656,
        "semi_major_axis_AU": 0.13554684999275401
    },
    "NEA": {
        "NEA_pl_name": "TOI-5678 b",
        "NEA_st_host": "TOI-5678",
        "NEA_st_Teff": 5485.0,
        "NEA_st_rad": 0.938,
        "NEA_st_mass": 0.905,
        "NEA_ra": 47.3841872,
        "NEA_dec": -34.1984808,
        "NEA_period_day": 47.73022,
        "NEA_a_au": 0.249,
        "NEA_a_au_err1": 0.005,
        "NEA_a_au_err2": 0.005,
        "NEA_pl_rad_e:": 4.91,
        "NEA_pl_rad_e_err1": 0.08,
        "NEA_pl_rad_e_err2": -0.08,
        "NEA_pl_mass": 20.0,
        "NEA_ins_flux": NaN,
        "NEA_pl_eq_temp": 513.0
    }
}