{
    "target": "TOI-1269",
    "planet_name": "TOI-1269 b",
    "from": "Transit (TESS)",
    "stellar": {
        "radius_Rsun": 0.848906,
        "mass_Msun": 0.969
    },
    "bls": {
        "period_days": 4.253007530075301,
        "t0": 1686.6035864025578,
        "depth": 0.0005778728474761123,
        "duration_days": 0.1
    },
    "physical": {
        "planet_radius_Rearth": 2.2259039838794434,
        "semi_major_axis_AU": 0.0508361995148042
    },
    "NEA": {
        "NEA_pl_name": "TOI-1269 b",
        "NEA_st_host": "TOI-1269",
        "NEA_st_Teff": 5499.0,
        "NEA_st_rad": 0.8521,
        "NEA_st_mass": 0.9027,
        "NEA_ra": 249.6966397,
        "NEA_dec": 64.559181,
        "NEA_period_day": 4.2529913,
        "NEA_a_au": 0.0496,
        "NEA_a_au_err1": 0.0009,
        "NEA_a_au_err2": 0.0009,
        "NEA_pl_rad_e:": 2.40144286,
        "NEA_pl_rad_e_err1": 0.15036543,
        "NEA_pl_rad_e_err2": -0.0739539,
        "NEA_pl_mass": 6.4,
        "NEA_ins_flux": NaN,
        "NEA_pl_eq_temp": 1004.9
    }
}