{
    "target": "TOI-1279",
    "planet_name": "TOI-1279 b",
    "from": "Transit (TESS)",
    "stellar": {
        "radius_Rsun": 0.840608,
        "mass_Msun": 0.959
    },
    "bls": {
        "period_days": 9.61419614196142,
        "t0": 1717.481445047194,
        "depth": 0.0007072685839120726,
        "duration_days": 0.1
    },
    "physical": {
        "planet_radius_Rearth": 2.438464188552019,
        "semi_major_axis_AU": 0.0872601395374329
    },
    "NEA": {
        "NEA_pl_name": "TOI-1279 b",
        "NEA_st_host": "TOI-1279",
        "NEA_st_Teff": 5457.0,
        "NEA_st_rad": 0.8426,
        "NEA_st_mass": 0.8784,
        "NEA_ra": 185.0628734,
        "NEA_dec": 56.2014094,
        "NEA_period_day": 9.61419,
        "NEA_a_au": 0.085,
        "NEA_a_au_err1": 0.002,
        "NEA_a_au_err2": 0.002,
        "NEA_pl_rad_e:": 2.66146528,
        "NEA_pl_rad_e_err1": 0.13795921,
        "NEA_pl_rad_e_err2": -0.10646515,
        "NEA_pl_mass": 10.6,
        "NEA_ins_flux": NaN,
        "NEA_pl_eq_temp": 759.0
    }
}