{
    "target": "TOI-1601",
    "planet_name": "TOI-1601 b",
    "from": "Transit (TESS)",
    "stellar": {
        "radius_Rsun": 2.22362,
        "mass_Msun": 1.08
    },
    "bls": {
        "period_days": 5.332928329283293,
        "t0": 3611.4003406852257,
        "depth": 0.003254768188642234,
        "duration_days": 0.25
    },
    "physical": {
        "planet_radius_Rearth": 13.837297622252017,
        "semi_major_axis_AU": 0.061289507558280006
    },
    "NEA": {
        "NEA_pl_name": "TOI-1601 b",
        "NEA_st_host": "TOI-1601",
        "NEA_st_Teff": 5948.0,
        "NEA_st_rad": 2.186,
        "NEA_st_mass": 1.517,
        "NEA_ra": 38.361569,
        "NEA_dec": 41.0134321,
        "NEA_period_day": 5.331751,
        "NEA_a_au": 0.06864,
        "NEA_a_au_err1": 0.00079,
        "NEA_a_au_err2": 0.00079,
        "NEA_pl_rad_e:": 13.887951,
        "NEA_pl_rad_e_err1": 0.515614,
        "NEA_pl_rad_e_err2": -0.437151,
        "NEA_pl_mass": 314.6517,
        "NEA_ins_flux": NaN,
        "NEA_pl_eq_temp": 1619.0
    }
}