{
    "target": "TOI-654",
    "planet_name": "TOI-654.01",
    "from": "Transit (TESS)",
    "stellar": {
        "radius_Rsun": 0.427953,
        "mass_Msun": 0.422643
    },
    "bls": {
        "period_days": 3.055110551105511,
        "t0": 1544.9673208788322,
        "depth": 0.0026347261155939706,
        "duration_days": 0.05
    },
    "physical": {
        "planet_radius_Rearth": 2.3960423643616022,
        "semi_major_axis_AU": 0.030922663576917746
    },
    "NEA": {
        "NEA_pl_name": "TOI-654.01",
        "NEA_st_host": "TOI-654",
        "NEA_st_Teff": 3521.0,
        "NEA_st_rad": 0.43,
        "NEA_st_mass": 0.419,
        "NEA_ra": 164.7245509,
        "NEA_dec": -5.5475446,
        "NEA_period_day": 1.527561,
        "NEA_a_au": 0.01944,
        "NEA_a_au_err1": 0.00015,
        "NEA_a_au_err2": 0.00015,
        "NEA_pl_rad_e:": 2.378,
        "NEA_pl_rad_e_err1": 0.089,
        "NEA_pl_rad_e_err2": -0.089,
        "NEA_pl_mass": 8.71,
        "NEA_ins_flux": 65.0,
        "NEA_pl_eq_temp": 794.0
    }
}