{
    "target": "TOI-157",
    "planet_name": "TOI-157 b",
    "from": "Transit (TESS)",
    "stellar": {
        "radius_Rsun": 1.10646,
        "mass_Msun": 1.0
    },
    "bls": {
        "period_days": 2.0845858458584585,
        "t0": 1545.4041009836715,
        "depth": 0.008719798389710357,
        "duration_days": 0.05
    },
    "physical": {
        "planet_radius_Rearth": 11.269888500382837,
        "semi_major_axis_AU": 0.03193602834898909
    },
    "NEA": {
        "NEA_pl_name": "TOI-157 b",
        "NEA_st_host": "TOI-157",
        "NEA_st_Teff": 5404.0,
        "NEA_st_rad": 1.167,
        "NEA_st_mass": 0.948,
        "NEA_ra": 73.7014398,
        "NEA_dec": -76.6806061,
        "NEA_period_day": 2.08453882,
        "NEA_a_au": 0.031380000000000005,
        "NEA_a_au_err1": NaN,
        "NEA_a_au_err2": NaN,
        "NEA_pl_rad_e:": NaN,
        "NEA_pl_rad_e_err1": NaN,
        "NEA_pl_rad_e_err2": NaN,
        "NEA_pl_mass": NaN,
        "NEA_ins_flux": 1062.0,
        "NEA_pl_eq_temp": 1588.0
    }
}