{
    "target": "TOI-1451",
    "planet_name": "TOI-1451 b",
    "from": "Transit (TESS)",
    "stellar": {
        "radius_Rsun": 1.02852,
        "mass_Msun": 1.04
    },
    "bls": {
        "period_days": 16.537935379353794,
        "t0": 1694.3061389095321,
        "depth": 0.0004987788078089197,
        "duration_days": 0.1
    },
    "physical": {
        "planet_radius_Rearth": 2.505517363581729,
        "semi_major_axis_AU": 0.12870626542607455
    },
    "NEA": {
        "NEA_pl_name": "TOI-1451 b",
        "NEA_st_host": "TOI-1451",
        "NEA_st_Teff": 5801.0,
        "NEA_st_rad": 1.0162,
        "NEA_st_mass": 1.0022,
        "NEA_ra": 186.5242821,
        "NEA_dec": 61.2589289,
        "NEA_period_day": 16.537944,
        "NEA_a_au": 0.127,
        "NEA_a_au_err1": 0.003,
        "NEA_a_au_err2": 0.003,
        "NEA_pl_rad_e:": 2.61143902,
        "NEA_pl_rad_e_err1": 0.13407193,
        "NEA_pl_rad_e_err2": -0.10283772,
        "NEA_pl_mass": 15.2,
        "NEA_ins_flux": NaN,
        "NEA_pl_eq_temp": 723.33
    }
}