{
    "target": "TOI-5232",
    "planet_name": "TOI-5232 b",
    "from": "Transit (TESS)",
    "stellar": {
        "radius_Rsun": 1.74116,
        "mass_Msun": 1.2
    },
    "bls": {
        "period_days": 4.096810968109681,
        "t0": 3316.756375679948,
        "depth": 0.004464977694160006,
        "duration_days": 0.2
    },
    "physical": {
        "planet_radius_Rearth": 12.69050800894169,
        "semi_major_axis_AU": 0.053246624454171526
    },
    "NEA": {
        "NEA_pl_name": "TOI-5232 b",
        "NEA_st_host": "TOI-5232",
        "NEA_st_Teff": 6500.0,
        "NEA_st_rad": 1.785,
        "NEA_st_mass": 1.389,
        "NEA_ra": 294.3374248,
        "NEA_dec": 35.2764934,
        "NEA_period_day": 4.0966692,
        "NEA_a_au": 0.05593,
        "NEA_a_au_err1": 0.0009,
        "NEA_a_au_err2": 0.0009,
        "NEA_pl_rad_e:": 12.778238,
        "NEA_pl_rad_e_err1": 0.57165802,
        "NEA_pl_rad_e_err2": -0.50440413,
        "NEA_pl_mass": 743.71847238,
        "NEA_ins_flux": NaN,
        "NEA_pl_eq_temp": 1772.0
    }
}