{
    "target": "TOI-3364",
    "planet_name": "TOI-3364 b",
    "from": "Transit (TESS)",
    "stellar": {
        "radius_Rsun": 1.4484,
        "mass_Msun": 1.04
    },
    "bls": {
        "period_days": 5.876788767887679,
        "t0": 2990.1681815620836,
        "depth": 0.006089179454599167,
        "duration_days": 0.15
    },
    "physical": {
        "planet_radius_Rearth": 12.32816908006663,
        "semi_major_axis_AU": 0.06457120371275177
    },
    "NEA": {
        "NEA_pl_name": "TOI-3364 b",
        "NEA_st_host": "TOI-3364",
        "NEA_st_Teff": 5706.0,
        "NEA_st_rad": 1.419,
        "NEA_st_mass": 1.186,
        "NEA_ra": 144.5377709,
        "NEA_dec": -49.3352226,
        "NEA_period_day": 5.8768918,
        "NEA_a_au": 0.0675,
        "NEA_a_au_err1": 0.0011,
        "NEA_a_au_err2": 0.0011,
        "NEA_pl_rad_e:": 12.22899794,
        "NEA_pl_rad_e_err1": 0.42594127,
        "NEA_pl_rad_e_err2": -0.35868738,
        "NEA_pl_mass": 530.77343969,
        "NEA_ins_flux": 425.0,
        "NEA_pl_eq_temp": 1264.0
    }
}