{
    "target": "TOI-5218",
    "planet_name": "TOI-5218 b",
    "from": "Transit (TESS)",
    "stellar": {
        "radius_Rsun": 0.675707,
        "mass_Msun": 0.646066
    },
    "bls": {
        "period_days": 4.291422914229143,
        "t0": 2825.398001429428,
        "depth": 0.013812537835283682,
        "duration_days": 0.1
    },
    "physical": {
        "planet_radius_Rearth": 8.662152744234865,
        "semi_major_axis_AU": 0.044678051188459945
    },
    "NEA": {
        "NEA_pl_name": "TOI-5218 b",
        "NEA_st_host": "TOI-5218",
        "NEA_st_Teff": 4230.0,
        "NEA_st_rad": 0.708,
        "NEA_st_mass": 0.739,
        "NEA_ra": 292.6634642,
        "NEA_dec": 71.7629612,
        "NEA_period_day": 4.291452,
        "NEA_a_au": 0.0469,
        "NEA_a_au_err1": 0.0006,
        "NEA_a_au_err2": 0.0006,
        "NEA_pl_rad_e:": 9.86,
        "NEA_pl_rad_e_err1": 0.39,
        "NEA_pl_rad_e_err2": -0.39,
        "NEA_pl_mass": 657.0,
        "NEA_ins_flux": 62.0,
        "NEA_pl_eq_temp": 783.0
    }
}