{
    "target": "TOI-3593",
    "planet_name": "TOI-3593 b",
    "from": "Transit (TESS)",
    "stellar": {
        "radius_Rsun": 0.992137,
        "mass_Msun": 0.923
    },
    "bls": {
        "period_days": 3.8212732127321276,
        "t0": 2826.4517972359417,
        "depth": 0.007884727675499774,
        "duration_days": 0.1
    },
    "physical": {
        "planet_radius_Rearth": 9.60938678714989,
        "semi_major_axis_AU": 0.046573657204713716
    },
    "NEA": {
        "NEA_pl_name": "TOI-3593 b",
        "NEA_st_host": "TOI-3593",
        "NEA_st_Teff": 5550.0,
        "NEA_st_rad": 0.918,
        "NEA_st_mass": 1.015,
        "NEA_ra": 331.506364,
        "NEA_dec": 34.2116583,
        "NEA_period_day": 3.8212867,
        "NEA_a_au": 0.0481,
        "NEA_a_au_err1": 0.00058,
        "NEA_a_au_err2": 0.00058,
        "NEA_pl_rad_e:": 11.02963701,
        "NEA_pl_rad_e_err1": 0.31385146,
        "NEA_pl_rad_e_err2": -0.2914335,
        "NEA_pl_mass": 565.73456446,
        "NEA_ins_flux": 308.0,
        "NEA_pl_eq_temp": 1170.0
    }
}