{
    "target": "TOI-1824",
    "planet_name": "TOI-1824 b",
    "from": "Transit (TESS)",
    "stellar": {
        "radius_Rsun": 0.824468,
        "mass_Msun": 0.88
    },
    "bls": {
        "period_days": 11.404314043140431,
        "t0": 1879.5467847158777,
        "depth": 0.0004160967649954643,
        "duration_days": 0.15
    },
    "physical": {
        "planet_radius_Rearth": 1.8344321491972373,
        "semi_major_axis_AU": 0.0950184740248914
    },
    "NEA": {
        "NEA_pl_name": "TOI-1824 b",
        "NEA_st_host": "TOI-1824",
        "NEA_st_Teff": 5165.0,
        "NEA_st_rad": 0.8123,
        "NEA_st_mass": 0.8801,
        "NEA_ra": 197.7312286,
        "NEA_dec": 61.7448492,
        "NEA_period_day": 22.808533,
        "NEA_a_au": 0.151,
        "NEA_a_au_err1": 0.003,
        "NEA_a_au_err2": 0.003,
        "NEA_pl_rad_e:": 2.7438269,
        "NEA_pl_rad_e_err1": 0.08672208,
        "NEA_pl_rad_e_err2": -0.07211466,
        "NEA_pl_mass": 16.0,
        "NEA_ins_flux": NaN,
        "NEA_pl_eq_temp": 528.67
    }
}