{
    "target": "TOI-1278",
    "planet_name": "TOI-1278 b",
    "from": "Transit (TESS)",
    "stellar": {
        "radius_Rsun": 0.55035,
        "mass_Msun": 0.545569
    },
    "bls": {
        "period_days": 14.475009750097499,
        "t0": 1711.963757527307,
        "depth": 0.006715518704230161,
        "duration_days": 0.05
    },
    "physical": {
        "planet_radius_Rearth": 4.919369357224101,
        "semi_major_axis_AU": 0.09497956736767693
    },
    "NEA": {
        "NEA_pl_name": "TOI-1278 b",
        "NEA_st_host": "TOI-1278",
        "NEA_st_Teff": 3799.0,
        "NEA_st_rad": 0.573,
        "NEA_st_mass": 0.54,
        "NEA_ra": 320.4784442,
        "NEA_dec": 35.648625,
        "NEA_period_day": 14.47567,
        "NEA_a_au": 0.095,
        "NEA_a_au_err1": 0.001,
        "NEA_a_au_err2": 0.001,
        "NEA_pl_rad_e:": 12.21778896,
        "NEA_pl_rad_e_err1": 2.69015537,
        "NEA_pl_rad_e_err2": -2.24179614,
        "NEA_pl_mass": 5879.8255295,
        "NEA_ins_flux": NaN,
        "NEA_pl_eq_temp": NaN
    }
}