{
    "target": "TOI-5027",
    "planet_name": "TOI-5027 b",
    "from": "Transit (TESS)",
    "stellar": {
        "radius_Rsun": 0.958173,
        "mass_Msun": 1.06
    },
    "bls": {
        "period_days": 10.243662436624367,
        "t0": 3104.0631093035713,
        "depth": 0.005835706538852523,
        "duration_days": 0.1
    },
    "physical": {
        "planet_radius_Rearth": 7.984014743936695,
        "semi_major_axis_AU": 0.09411810538602589
    },
    "NEA": {
        "NEA_pl_name": "TOI-5027 b",
        "NEA_st_host": "TOI-5027",
        "NEA_st_Teff": 5909.0,
        "NEA_st_rad": 0.92,
        "NEA_st_mass": 1.02,
        "NEA_ra": 243.8850212,
        "NEA_dec": -69.2170972,
        "NEA_period_day": 10.24368,
        "NEA_a_au": 0.093,
        "NEA_a_au_err1": 0.005,
        "NEA_a_au_err2": 0.005,
        "NEA_pl_rad_e:": 10.76062147,
        "NEA_pl_rad_e_err1": 0.56044903,
        "NEA_pl_rad_e_err2": -0.67253884,
        "NEA_pl_mass": 642.01338214,
        "NEA_ins_flux": NaN,
        "NEA_pl_eq_temp": 1056.0
    }
}