{
    "target": "TOI-1680",
    "planet_name": "TOI-1680 b",
    "from": "Transit (TESS)",
    "stellar": {
        "radius_Rsun": 0.213459,
        "mass_Msun": 0.182476
    },
    "bls": {
        "period_days": 4.802718027180272,
        "t0": 1687.2392082573695,
        "depth": 0.00305052606858062,
        "duration_days": 0.05
    },
    "physical": {
        "planet_radius_Rearth": 1.2859749832483094,
        "semi_major_axis_AU": 0.031598104119465946
    },
    "NEA": {
        "NEA_pl_name": "TOI-1680 b",
        "NEA_st_host": "TOI-1680",
        "NEA_st_Teff": 3225.0,
        "NEA_st_rad": 0.2106,
        "NEA_st_mass": 0.1798,
        "NEA_ra": 292.313979,
        "NEA_dec": 65.9738018,
        "NEA_period_day": 4.8026345,
        "NEA_a_au": 0.03144,
        "NEA_a_au_err1": 0.00025,
        "NEA_a_au_err2": 0.00025,
        "NEA_pl_rad_e:": 1.466,
        "NEA_pl_rad_e_err1": 0.063,
        "NEA_pl_rad_e_err2": -0.049,
        "NEA_pl_mass": NaN,
        "NEA_ins_flux": 4.41,
        "NEA_pl_eq_temp": 404.0
    }
}