{
    "target": "TOI-1301",
    "planet_name": "TOI-1301.01",
    "from": "Transit (TESS)",
    "stellar": {
        "radius_Rsun": 0.731699,
        "mass_Msun": 0.77
    },
    "bls": {
        "period_days": 6.096360963609637,
        "t0": 1686.1085243551597,
        "depth": 0.000802763953955668,
        "duration_days": 0.1
    },
    "physical": {
        "planet_radius_Rearth": 2.261294218815597,
        "semi_major_axis_AU": 0.05986115233175091
    },
    "NEA": {
        "NEA_pl_name": "TOI-1301.01",
        "NEA_st_host": "TOI-1301",
        "NEA_st_Teff": 4820.0,
        "NEA_st_rad": 0.732,
        "NEA_st_mass": 0.77,
        "NEA_ra": 275.8625432,
        "NEA_dec": 71.5817479,
        "NEA_period_day": 6.096407209,
        "NEA_a_au": 0.059866,
        "NEA_a_au_err1": 0.002199,
        "NEA_a_au_err2": 0.002199,
        "NEA_pl_rad_e:": 2.477,
        "NEA_pl_rad_e_err1": 0.196,
        "NEA_pl_rad_e_err2": -0.177,
        "NEA_pl_mass": NaN,
        "NEA_ins_flux": 72.55,
        "NEA_pl_eq_temp": NaN
    }
}