{
    "target": "TOI-1231",
    "planet_name": "TOI-1231 b",
    "from": "Transit (TESS)",
    "stellar": {
        "radius_Rsun": 0.465271,
        "mass_Msun": 0.462709
    },
    "bls": {
        "period_days": 12.948924489244893,
        "t0": 1556.9340212061945,
        "depth": 0.008590191551129566,
        "duration_days": 0.2
    },
    "physical": {
        "planet_radius_Rearth": 4.703683457594754,
        "semi_major_axis_AU": 0.08346918311363398
    },
    "NEA": {
        "NEA_pl_name": "TOI-1231 b",
        "NEA_st_host": "TOI-1231",
        "NEA_st_Teff": 3553.0,
        "NEA_st_rad": 0.476,
        "NEA_st_mass": 0.485,
        "NEA_ra": 156.74726,
        "NEA_dec": -52.4678724,
        "NEA_period_day": 24.245586,
        "NEA_a_au": 0.1288,
        "NEA_a_au_err1": 0.0021,
        "NEA_a_au_err2": 0.0021,
        "NEA_pl_rad_e:": 3.65,
        "NEA_pl_rad_e_err1": 0.16,
        "NEA_pl_rad_e_err2": -0.15,
        "NEA_pl_mass": 15.4,
        "NEA_ins_flux": 1.93,
        "NEA_pl_eq_temp": 329.6
    }
}