{
    "target": "TOI-1516",
    "planet_name": "TOI-1516 b",
    "from": "Transit (TESS)",
    "stellar": {
        "radius_Rsun": 1.2421,
        "mass_Msun": 1.324
    },
    "bls": {
        "period_days": 2.056115561155612,
        "t0": 2854.986844007386,
        "depth": 0.00548823999221565,
        "duration_days": 0.1
    },
    "physical": {
        "planet_radius_Rearth": 10.036996855683737,
        "semi_major_axis_AU": 0.03474791285760597
    },
    "NEA": {
        "NEA_pl_name": "TOI-1516 b",
        "NEA_st_host": "TOI-1516",
        "NEA_st_Teff": 6520.0,
        "NEA_st_rad": 1.14,
        "NEA_st_mass": 1.14,
        "NEA_ra": 340.0846204,
        "NEA_dec": 69.5037313,
        "NEA_period_day": 2.056014,
        "NEA_a_au": NaN,
        "NEA_a_au_err1": NaN,
        "NEA_a_au_err2": NaN,
        "NEA_pl_rad_e:": 15.24421375,
        "NEA_pl_rad_e_err1": 0.33626942,
        "NEA_pl_rad_e_err2": -0.33626942,
        "NEA_pl_mass": 1004.33776612,
        "NEA_ins_flux": NaN,
        "NEA_pl_eq_temp": NaN
    }
}