{
    "target": "TOI-5005",
    "planet_name": "TOI-5005 b",
    "from": "Transit (TESS)",
    "stellar": {
        "radius_Rsun": 0.971786,
        "mass_Msun": 1.05
    },
    "bls": {
        "period_days": 6.305793057930581,
        "t0": 3071.119166690699,
        "depth": 0.0034221617312356154,
        "duration_days": 0.1
    },
    "physical": {
        "planet_radius_Rearth": 6.200855094330362,
        "semi_major_axis_AU": 0.06789283717241618
    },
    "NEA": {
        "NEA_pl_name": "TOI-5005 b",
        "NEA_st_host": "TOI-5005",
        "NEA_st_Teff": 5749.0,
        "NEA_st_rad": 0.93,
        "NEA_st_mass": 0.97,
        "NEA_ra": 238.108194,
        "NEA_dec": -48.1451,
        "NEA_period_day": 6.3085044,
        "NEA_a_au": 0.06614,
        "NEA_a_au_err1": 0.00045,
        "NEA_a_au_err2": 0.00045,
        "NEA_pl_rad_e:": 6.25,
        "NEA_pl_rad_e_err1": 0.24,
        "NEA_pl_rad_e_err2": -0.24,
        "NEA_pl_mass": 32.7,
        "NEA_ins_flux": 226.0,
        "NEA_pl_eq_temp": 1040.0
    }
}