{
    "target": "TOI-3235",
    "planet_name": "TOI-3235 b",
    "from": "Transit (TESS)",
    "stellar": {
        "radius_Rsun": 0.37223,
        "mass_Msun": 0.359832
    },
    "bls": {
        "period_days": 2.592370923709237,
        "t0": 3042.598811679636,
        "depth": 0.036197844527442256,
        "duration_days": 0.05
    },
    "physical": {
        "planet_radius_Rearth": 7.724731745592836,
        "semi_major_axis_AU": 0.02626832640391215
    },
    "NEA": {
        "NEA_pl_name": "TOI-3235 b",
        "NEA_st_host": "TOI-3235",
        "NEA_st_Teff": 3388.8,
        "NEA_st_rad": 0.3697,
        "NEA_st_mass": 0.3939,
        "NEA_ra": 207.4738488,
        "NEA_dec": -46.0665139,
        "NEA_period_day": 2.59261842,
        "NEA_a_au": 0.02709,
        "NEA_a_au_err1": 0.00046,
        "NEA_a_au_err2": 0.00046,
        "NEA_pl_rad_e:": 11.39953337,
        "NEA_pl_rad_e_err1": 0.49319515,
        "NEA_pl_rad_e_err2": -0.49319515,
        "NEA_pl_mass": 211.35589065,
        "NEA_ins_flux": NaN,
        "NEA_pl_eq_temp": 604.0
    }
}