{
    "target": "TOI-4087",
    "planet_name": "TOI-4087 b",
    "from": "Transit (TESS)",
    "stellar": {
        "radius_Rsun": 1.11748,
        "mass_Msun": 1.13
    },
    "bls": {
        "period_days": 3.1773767737677376,
        "t0": 2390.7616487283226,
        "depth": 0.003572642335678805,
        "duration_days": 0.1
    },
    "physical": {
        "planet_radius_Rearth": 7.285598069989731,
        "semi_major_axis_AU": 0.044056129587985826
    },
    "NEA": {
        "NEA_pl_name": "TOI-4087 b",
        "NEA_st_host": "TOI-4087",
        "NEA_st_Teff": 6060.0,
        "NEA_st_rad": 1.112,
        "NEA_st_mass": 1.178,
        "NEA_ra": 217.9257785,
        "NEA_dec": 83.3727061,
        "NEA_period_day": 3.1774835,
        "NEA_a_au": 0.04469,
        "NEA_a_au_err1": 0.00048,
        "NEA_a_au_err2": 0.00048,
        "NEA_pl_rad_e:": 13.04725353,
        "NEA_pl_rad_e_err1": 0.28022452,
        "NEA_pl_rad_e_err2": -0.26901554,
        "NEA_pl_mass": 232.01473711,
        "NEA_ins_flux": 753.9,
        "NEA_pl_eq_temp": 1458.0
    }
}