{
    "target": "TOI-181",
    "planet_name": "TOI-181 b",
    "from": "Transit (TESS)",
    "stellar": {
        "radius_Rsun": 0.805573,
        "mass_Msun": 0.76
    },
    "bls": {
        "period_days": 4.532055320553206,
        "t0": 1358.1182857030587,
        "depth": 0.0029300688288865337,
        "duration_days": 0.1
    },
    "physical": {
        "planet_radius_Rearth": 4.756357524989236,
        "semi_major_axis_AU": 0.048910531372259945
    },
    "NEA": {
        "NEA_pl_name": "TOI-181 b",
        "NEA_st_host": "TOI-181",
        "NEA_st_Teff": 4994.0,
        "NEA_st_rad": 0.745,
        "NEA_st_mass": 0.822,
        "NEA_ra": 352.1725409,
        "NEA_dec": -34.4914099,
        "NEA_period_day": 4.532,
        "NEA_a_au": 0.0539,
        "NEA_a_au_err1": 0.0043,
        "NEA_a_au_err2": 0.0043,
        "NEA_pl_rad_e:": 6.9559,
        "NEA_pl_rad_e_err1": 0.087,
        "NEA_pl_rad_e_err2": -0.101,
        "NEA_pl_mass": 46.1687,
        "NEA_ins_flux": 102.43,
        "NEA_pl_eq_temp": 895.1
    }
}