{
    "target": "TOI-169",
    "planet_name": "TOI-169 b",
    "from": "Transit (TESS)",
    "stellar": {
        "radius_Rsun": 1.29661,
        "mass_Msun": 1.05
    },
    "bls": {
        "period_days": 2.255407554075541,
        "t0": 1654.4923684455682,
        "depth": 0.003606753790604281,
        "duration_days": 0.05
    },
    "physical": {
        "planet_radius_Rearth": 8.493726929112084,
        "semi_major_axis_AU": 0.03420956108883432
    },
    "NEA": {
        "NEA_pl_name": "TOI-169 b",
        "NEA_st_host": "TOI-169",
        "NEA_st_Teff": 5880.0,
        "NEA_st_rad": 1.288,
        "NEA_st_mass": 1.147,
        "NEA_ra": 16.7786879,
        "NEA_dec": -75.1989452,
        "NEA_period_day": 2.2554477,
        "NEA_a_au": 0.03524,
        "NEA_a_au_err1": 0.00069,
        "NEA_a_au_err2": 0.00069,
        "NEA_pl_rad_e:": 12.172974,
        "NEA_pl_rad_e_err1": 0.907929,
        "NEA_pl_rad_e_err2": -0.538032,
        "NEA_pl_mass": 251.40353,
        "NEA_ins_flux": 1443.0,
        "NEA_pl_eq_temp": 1715.0
    }
}