{
    "target": "TOI-4438",
    "planet_name": "TOI-4438 b",
    "from": "Transit (TESS)",
    "stellar": {
        "radius_Rsun": 0.375859,
        "mass_Msun": 0.363996
    },
    "bls": {
        "period_days": 7.446359463594635,
        "t0": 2396.4065946651053,
        "depth": 0.0034761930664471965,
        "duration_days": 0.05
    },
    "physical": {
        "planet_radius_Rearth": 2.4171721272662587,
        "semi_major_axis_AU": 0.05328388930028184
    },
    "NEA": {
        "NEA_pl_name": "TOI-4438 b",
        "NEA_st_host": "TOI-4438",
        "NEA_st_Teff": 3422.0,
        "NEA_st_rad": 0.372,
        "NEA_st_mass": 0.368,
        "NEA_ra": 270.3172389,
        "NEA_dec": 35.5948992,
        "NEA_period_day": 7.44628,
        "NEA_a_au": 0.0534,
        "NEA_a_au_err1": 0.0037,
        "NEA_a_au_err2": 0.0037,
        "NEA_pl_rad_e:": 2.52,
        "NEA_pl_rad_e_err1": 0.13,
        "NEA_pl_rad_e_err2": -0.13,
        "NEA_pl_mass": 5.4,
        "NEA_ins_flux": 6.0,
        "NEA_pl_eq_temp": 435.0
    }
}