{
    "target": "TOI-2447",
    "planet_name": "TOI-2447 b",
    "from": "Transit (TESS)",
    "stellar": {
        "radius_Rsun": 1.03876,
        "mass_Msun": 1.049
    },
    "bls": {
        "period_days": 10.407659076590766,
        "t0": 1440.3162813526044,
        "depth": 0.0005065699464546413,
        "duration_days": 0.05
    },
    "physical": {
        "planet_radius_Rearth": 2.5501493002651934,
        "semi_major_axis_AU": 0.09478979481511786
    },
    "NEA": {
        "NEA_pl_name": "TOI-2447 b",
        "NEA_st_host": "TOI-2447",
        "NEA_st_Teff": 5730.0,
        "NEA_st_rad": 1.006,
        "NEA_st_mass": 1.034,
        "NEA_ra": 70.9975864,
        "NEA_dec": -31.9066369,
        "NEA_period_day": 69.33684,
        "NEA_a_au": 0.347,
        "NEA_a_au_err1": 0.029,
        "NEA_a_au_err2": 0.029,
        "NEA_pl_rad_e:": 9.60609646,
        "NEA_pl_rad_e_err1": 0.13450777,
        "NEA_pl_rad_e_err2": -0.12329879,
        "NEA_pl_mass": 124.90656395,
        "NEA_ins_flux": NaN,
        "NEA_pl_eq_temp": 414.0
    }
}