{
    "target": "TOI-6008",
    "planet_name": "TOI-6008 b",
    "from": "Transit (TESS)",
    "stellar": {
        "radius_Rsun": 0.235048,
        "mass_Msun": 0.204861
    },
    "bls": {
        "period_days": 7.2201572015720155,
        "t0": 1717.7924885754796,
        "depth": 0.0012387593247395043,
        "duration_days": 0.05
    },
    "physical": {
        "planet_radius_Rearth": 0.9023618121660816,
        "semi_major_axis_AU": 0.0430974836669432
    },
    "NEA": {
        "NEA_pl_name": "TOI-6008 b",
        "NEA_st_host": "TOI-6008",
        "NEA_st_Teff": 3075.0,
        "NEA_st_rad": 0.242,
        "NEA_st_mass": 0.23,
        "NEA_ra": 310.4487344,
        "NEA_dec": 49.6468992,
        "NEA_period_day": 0.8574347,
        "NEA_a_au": 0.010777,
        "NEA_a_au_err1": 0.000162,
        "NEA_a_au_err2": 0.000162,
        "NEA_pl_rad_e:": 1.03,
        "NEA_pl_rad_e_err1": 0.05,
        "NEA_pl_rad_e_err2": -0.05,
        "NEA_pl_mass": 4.0,
        "NEA_ins_flux": 41.5,
        "NEA_pl_eq_temp": 707.0
    }
}