{
    "target": "TOI-954",
    "planet_name": "TOI-954 b",
    "from": "Transit (TESS)",
    "stellar": {
        "radius_Rsun": 1.93283,
        "mass_Msun": 1.03
    },
    "bls": {
        "period_days": 3.6824318243182437,
        "t0": 2145.2235382177864,
        "depth": 0.001925805312631369,
        "duration_days": 0.2
    },
    "physical": {
        "planet_radius_Rearth": 9.251891420186556,
        "semi_major_axis_AU": 0.04713063238678199
    },
    "NEA": {
        "NEA_pl_name": "TOI-954 b",
        "NEA_st_host": "TOI-954",
        "NEA_st_Teff": 5710.0,
        "NEA_st_rad": 1.892,
        "NEA_st_mass": 1.201,
        "NEA_ra": 61.9410587,
        "NEA_dec": -25.2088028,
        "NEA_period_day": 3.6849729,
        "NEA_a_au": 0.04963000000000001,
        "NEA_a_au_err1": NaN,
        "NEA_a_au_err2": NaN,
        "NEA_pl_rad_e:": NaN,
        "NEA_pl_rad_e_err1": NaN,
        "NEA_pl_rad_e_err2": NaN,
        "NEA_pl_mass": NaN,
        "NEA_ins_flux": 1393.0,
        "NEA_pl_eq_temp": 1526.0
    }
}