{
    "target": "TOI-521",
    "planet_name": "TOI-521 b",
    "from": "Transit (TESS)",
    "stellar": {
        "radius_Rsun": 0.420028,
        "mass_Msun": 0.413895
    },
    "bls": {
        "period_days": 1.5428704287042871,
        "t0": 1492.697224089904,
        "depth": 0.0017039257741404013,
        "duration_days": 0.05
    },
    "physical": {
        "planet_radius_Rearth": 1.8911860589350813,
        "semi_major_axis_AU": 0.019473801800066158
    },
    "NEA": {
        "NEA_pl_name": "TOI-521 b",
        "NEA_st_host": "TOI-521",
        "NEA_st_Teff": 3544.0,
        "NEA_st_rad": 0.421,
        "NEA_st_mass": 0.42,
        "NEA_ra": 123.3442567,
        "NEA_dec": 12.2221079,
        "NEA_period_day": 1.54285047,
        "NEA_a_au": 0.0195,
        "NEA_a_au_err1": 0.0003,
        "NEA_a_au_err2": 0.0003,
        "NEA_pl_rad_e:": 1.98,
        "NEA_pl_rad_e_err1": 0.14,
        "NEA_pl_rad_e_err2": -0.14,
        "NEA_pl_mass": 5.3,
        "NEA_ins_flux": 66.0,
        "NEA_pl_eq_temp": 794.0
    }
}