{
    "target": "TOI-3856",
    "planet_name": "TOI-3856 b",
    "from": "Transit (TESS)",
    "stellar": {
        "radius_Rsun": 1.12864,
        "mass_Msun": 0.98
    },
    "bls": {
        "period_days": 2.0432454324543246,
        "t0": 2611.4506944541013,
        "depth": 0.009747647888959661,
        "duration_days": 0.05
    },
    "physical": {
        "planet_radius_Rearth": 12.154470214586675,
        "semi_major_axis_AU": 0.0313008956785206
    },
    "NEA": {
        "NEA_pl_name": "TOI-3856 b",
        "NEA_st_host": "TOI-3856",
        "NEA_st_Teff": 5622.0,
        "NEA_st_rad": 1.055,
        "NEA_st_mass": 1.096,
        "NEA_ra": 145.2229223,
        "NEA_dec": 27.950158,
        "NEA_period_day": 2.04360352,
        "NEA_a_au": 0.0325,
        "NEA_a_au_err1": 0.00044,
        "NEA_a_au_err2": 0.00044,
        "NEA_pl_rad_e:": 13.59649359,
        "NEA_pl_rad_e_err1": 0.28022452,
        "NEA_pl_rad_e_err2": -0.26901554,
        "NEA_pl_mass": 171.62733978,
        "NEA_ins_flux": 949.0,
        "NEA_pl_eq_temp": 1544.0
    }
}