{
    "target": "TOI-1439",
    "planet_name": "TOI-1439 b",
    "from": "Transit (TESS)",
    "stellar": {
        "radius_Rsun": 1.62481,
        "mass_Msun": 1.063
    },
    "bls": {
        "period_days": 13.821948219482195,
        "t0": 1689.6531224539997,
        "depth": 0.00016354081234200074,
        "duration_days": 0.2
    },
    "physical": {
        "planet_radius_Rearth": 2.2664510192787004,
        "semi_major_axis_AU": 0.11503367062871776
    },
    "NEA": {
        "NEA_pl_name": "TOI-1439 b",
        "NEA_st_host": "TOI-1439",
        "NEA_st_Teff": 5841.0,
        "NEA_st_rad": 1.6184,
        "NEA_st_mass": 1.2313,
        "NEA_ra": 241.7639371,
        "NEA_dec": 67.8776404,
        "NEA_period_day": 27.644,
        "NEA_a_au": 0.192,
        "NEA_a_au_err1": 0.004,
        "NEA_a_au_err2": 0.004,
        "NEA_pl_rad_e:": 4.2427861,
        "NEA_pl_rad_e_err1": 0.23014642,
        "NEA_pl_rad_e_err2": -0.16769357,
        "NEA_pl_mass": 38.5,
        "NEA_ins_flux": NaN,
        "NEA_pl_eq_temp": 748.4
    }
}