{
    "target": "TOI-2257",
    "planet_name": "TOI-2257 b",
    "from": "Transit (TESS)",
    "stellar": {
        "radius_Rsun": 0.326932,
        "mass_Msun": 0.30755
    },
    "bls": {
        "period_days": 17.595040950409505,
        "t0": 1691.2566152720863,
        "depth": 0.0022046284767574366,
        "duration_days": 0.1
    },
    "physical": {
        "planet_radius_Rearth": 1.674386897646425,
        "semi_major_axis_AU": 0.0893647985004433
    },
    "NEA": {
        "NEA_pl_name": "TOI-2257 b",
        "NEA_st_host": "TOI-2257",
        "NEA_st_Teff": 3430.0,
        "NEA_st_rad": 0.313,
        "NEA_st_mass": 0.328,
        "NEA_ra": 194.7396141,
        "NEA_dec": 77.6617157,
        "NEA_period_day": 35.189346,
        "NEA_a_au": 0.145,
        "NEA_a_au_err1": 0.003,
        "NEA_a_au_err2": 0.003,
        "NEA_pl_rad_e:": 2.194,
        "NEA_pl_rad_e_err1": 0.113,
        "NEA_pl_rad_e_err2": -0.111,
        "NEA_pl_mass": NaN,
        "NEA_ins_flux": NaN,
        "NEA_pl_eq_temp": 256.0
    }
}