{
    "target": "TOI-2384",
    "planet_name": "TOI-2384 b",
    "from": "Transit (TESS)",
    "stellar": {
        "radius_Rsun": 0.666652,
        "mass_Msun": 0.639465
    },
    "bls": {
        "period_days": 2.1356763567635677,
        "t0": 2062.3527959279936,
        "depth": 0.023290716214116595,
        "duration_days": 0.05
    },
    "physical": {
        "planet_radius_Rearth": 11.097401207316873,
        "semi_major_axis_AU": 0.02796170191390662
    },
    "NEA": {
        "NEA_pl_name": "TOI-2384 b",
        "NEA_st_host": "TOI-2384",
        "NEA_st_Teff": 3943.0,
        "NEA_st_rad": 0.6113,
        "NEA_st_mass": 0.635,
        "NEA_ra": 36.1561463,
        "NEA_dec": -65.0001957,
        "NEA_period_day": 2.13570304,
        "NEA_a_au": 0.02793,
        "NEA_a_au_err1": 0.00023,
        "NEA_a_au_err2": 0.00023,
        "NEA_pl_rad_e:": 11.48920522,
        "NEA_pl_rad_e_err1": 0.23538859,
        "NEA_pl_rad_e_err2": -0.23538859,
        "NEA_pl_mass": 624.85064816,
        "NEA_ins_flux": 104.3,
        "NEA_pl_eq_temp": 889.7
    }
}