{
    "target": "TOI-2145",
    "planet_name": "TOI-2145 b",
    "from": "Transit (TESS)",
    "stellar": {
        "radius_Rsun": 2.78111,
        "mass_Msun": 1.191
    },
    "bls": {
        "period_days": 10.261407614076141,
        "t0": 2013.2552294685522,
        "depth": 0.0006122181899113204,
        "duration_days": 0.33
    },
    "physical": {
        "planet_radius_Rearth": 7.5058859372807305,
        "semi_major_axis_AU": 0.09795868101156588
    },
    "NEA": {
        "NEA_pl_name": "TOI-2145 b",
        "NEA_st_host": "TOI-2145",
        "NEA_st_Teff": 6177.0,
        "NEA_st_rad": 2.749,
        "NEA_st_mass": 1.72,
        "NEA_ra": 263.7580753,
        "NEA_dec": 40.6950428,
        "NEA_period_day": 10.26075,
        "NEA_a_au": 0.1108,
        "NEA_a_au_err1": 0.0012,
        "NEA_a_au_err2": 0.0012,
        "NEA_pl_rad_e:": 11.98240037,
        "NEA_pl_rad_e_err1": 0.32506044,
        "NEA_pl_rad_e_err2": -0.31385146,
        "NEA_pl_mass": 1671.77742082,
        "NEA_ins_flux": NaN,
        "NEA_pl_eq_temp": 1484.0
    }
}