{
    "target": "TOI-3321",
    "planet_name": "TOI-3321 b",
    "from": "Transit (TESS)",
    "stellar": {
        "radius_Rsun": 1.46536,
        "mass_Msun": 1.08
    },
    "bls": {
        "period_days": 3.6525965259652593,
        "t0": 3098.653326447578,
        "depth": 0.003924895198562542,
        "duration_days": 0.15
    },
    "physical": {
        "planet_radius_Rearth": 10.013572443140193,
        "semi_major_axis_AU": 0.04762227095407552
    },
    "NEA": {
        "NEA_pl_name": "TOI-3321 b",
        "NEA_st_host": "TOI-3321",
        "NEA_st_Teff": 5850.0,
        "NEA_st_rad": 1.549,
        "NEA_st_mass": 1.041,
        "NEA_ra": 265.7603351,
        "NEA_dec": -65.0082516,
        "NEA_period_day": 3.6525145,
        "NEA_a_au": 0.047,
        "NEA_a_au_err1": 0.0012,
        "NEA_a_au_err2": 0.0012,
        "NEA_pl_rad_e:": 15.55806521,
        "NEA_pl_rad_e_err1": 0.78462865,
        "NEA_pl_rad_e_err2": -0.71737476,
        "NEA_pl_mass": 176.07693748,
        "NEA_ins_flux": NaN,
        "NEA_pl_eq_temp": 1616.0
    }
}