{
    "target": "TOI-1742",
    "planet_name": "TOI-1742 b",
    "from": "Transit (TESS)",
    "stellar": {
        "radius_Rsun": 1.15853,
        "mass_Msun": 1.02
    },
    "bls": {
        "period_days": 10.634446344463445,
        "t0": 1714.7193421788375,
        "depth": 9.038337541629617e-05,
        "duration_days": 0.25
    },
    "physical": {
        "planet_radius_Rearth": 1.2013851007790057,
        "semi_major_axis_AU": 0.09526741084318723
    },
    "NEA": {
        "NEA_pl_name": "TOI-1742 b",
        "NEA_st_host": "TOI-1742",
        "NEA_st_Teff": 5815.0,
        "NEA_st_rad": 1.131,
        "NEA_st_mass": 1.0861,
        "NEA_ra": 257.3288678,
        "NEA_dec": 71.8766724,
        "NEA_period_day": 21.269084,
        "NEA_a_au": 0.154,
        "NEA_a_au_err1": 0.003,
        "NEA_a_au_err2": 0.003,
        "NEA_pl_rad_e:": 2.36507598,
        "NEA_pl_rad_e_err1": 0.05691119,
        "NEA_pl_rad_e_err2": -0.051074,
        "NEA_pl_mass": 9.7,
        "NEA_ins_flux": NaN,
        "NEA_pl_eq_temp": 694.09
    }
}