{
    "target": "TOI-837",
    "planet_name": "TOI-837 b",
    "from": "Transit (TESS)",
    "stellar": {
        "radius_Rsun": 1.00693,
        "mass_Msun": 1.15
    },
    "bls": {
        "period_days": 1.500360003600036,
        "t0": 1571.9674688318444,
        "depth": 0.0009939324161056962,
        "duration_days": 0.33
    },
    "physical": {
        "planet_radius_Rearth": 3.462648334034539,
        "semi_major_axis_AU": 0.026871834392125277
    },
    "NEA": {
        "NEA_pl_name": "TOI-837 b",
        "NEA_st_host": "TOI-837",
        "NEA_st_Teff": 6047.0,
        "NEA_st_rad": 1.022,
        "NEA_st_mass": 1.118,
        "NEA_ra": 157.0372806,
        "NEA_dec": -64.5052107,
        "NEA_period_day": 8.3248762,
        "NEA_a_au": 0.083,
        "NEA_a_au_err1": NaN,
        "NEA_a_au_err2": NaN,
        "NEA_pl_rad_e:": 8.63093,
        "NEA_pl_rad_e_err1": 1.00881,
        "NEA_pl_rad_e_err2": -1.00881,
        "NEA_pl_mass": 381.396,
        "NEA_ins_flux": 164.0,
        "NEA_pl_eq_temp": 1022.0
    }
}