{
    "target": "TOI-2184",
    "planet_name": "TOI-2184 b",
    "from": "Transit (TESS)",
    "stellar": {
        "radius_Rsun": 3.15138,
        "mass_Msun": 1.02
    },
    "bls": {
        "period_days": 6.906789067890679,
        "t0": 2036.6187326955578,
        "depth": 0.0010546686168443232,
        "duration_days": 0.25
    },
    "physical": {
        "planet_radius_Rearth": 11.163219526454245,
        "semi_major_axis_AU": 0.07144720345933218
    },
    "NEA": {
        "NEA_pl_name": "TOI-2184 b",
        "NEA_st_host": "TOI-2184",
        "NEA_st_Teff": 5966.0,
        "NEA_st_rad": 2.9,
        "NEA_st_mass": 1.53,
        "NEA_ra": 100.8331246,
        "NEA_dec": -66.9476563,
        "NEA_period_day": 6.90683,
        "NEA_a_au": NaN,
        "NEA_a_au_err1": NaN,
        "NEA_a_au_err2": NaN,
        "NEA_pl_rad_e:": 11.39953337,
        "NEA_pl_rad_e_err1": 0.57165802,
        "NEA_pl_rad_e_err2": -0.57165802,
        "NEA_pl_mass": 206.58846455,
        "NEA_ins_flux": 1429.0,
        "NEA_pl_eq_temp": NaN
    }
}