{
    "target": "TOI-905",
    "planet_name": "TOI-905 b",
    "from": "Transit (TESS)",
    "stellar": {
        "radius_Rsun": 1.00018,
        "mass_Msun": 0.93
    },
    "bls": {
        "period_days": 3.739567395673957,
        "t0": 1628.3489417723185,
        "depth": 0.007859032149766399,
        "duration_days": 0.05
    },
    "physical": {
        "planet_radius_Rearth": 9.671489795295244,
        "semi_major_axis_AU": 0.046023143060917836
    },
    "NEA": {
        "NEA_pl_name": "TOI-905 b",
        "NEA_st_host": "TOI-905",
        "NEA_st_Teff": 5570.0,
        "NEA_st_rad": 0.918,
        "NEA_st_mass": 0.968,
        "NEA_ra": 227.6586754,
        "NEA_dec": -71.3616316,
        "NEA_period_day": 3.7395671,
        "NEA_a_au": 0.04666000000000001,
        "NEA_a_au_err1": NaN,
        "NEA_a_au_err2": NaN,
        "NEA_pl_rad_e:": NaN,
        "NEA_pl_rad_e_err1": NaN,
        "NEA_pl_rad_e_err2": NaN,
        "NEA_pl_mass": NaN,
        "NEA_ins_flux": 337.0,
        "NEA_pl_eq_temp": 1192.0
    }
}