{
    "target": "TOI-1107",
    "planet_name": "TOI-1107 b",
    "from": "Transit (TESS)",
    "stellar": {
        "radius_Rsun": 1.74836,
        "mass_Msun": 1.33
    },
    "bls": {
        "period_days": 4.0782857828578285,
        "t0": 2336.0682956468368,
        "depth": 0.0014384703617821503,
        "duration_days": 0.2
    },
    "physical": {
        "planet_radius_Rearth": 7.232892330474197,
        "semi_major_axis_AU": 0.05493764423276373
    },
    "NEA": {
        "NEA_pl_name": "TOI-1107 b",
        "NEA_st_host": "TOI-1107",
        "NEA_st_Teff": 6311.0,
        "NEA_st_rad": 1.81,
        "NEA_st_mass": 1.35,
        "NEA_ra": 155.6078632,
        "NEA_dec": -82.2188693,
        "NEA_period_day": 4.0782387,
        "NEA_a_au": 0.0561,
        "NEA_a_au_err1": 0.0024,
        "NEA_a_au_err2": 0.0024,
        "NEA_pl_rad_e:": 14.57167491,
        "NEA_pl_rad_e_err1": 0.56044903,
        "NEA_pl_rad_e_err2": -0.56044903,
        "NEA_pl_mass": 1064.72516345,
        "NEA_ins_flux": 532.0,
        "NEA_pl_eq_temp": 1728.0
    }
}