{
    "target": "TOI-2338",
    "planet_name": "TOI-2338 b",
    "from": "Transit (TESS)",
    "stellar": {
        "radius_Rsun": 1.117,
        "mass_Msun": 0.97
    },
    "bls": {
        "period_days": 16.494059940599406,
        "t0": 2183.6860314458036,
        "depth": 0.0035783049314553074,
        "duration_days": 0.15
    },
    "physical": {
        "planet_radius_Rearth": 7.288237657771472,
        "semi_major_axis_AU": 0.12552878899924283
    },
    "NEA": {
        "NEA_pl_name": "TOI-2338 b",
        "NEA_st_host": "TOI-2338",
        "NEA_st_Teff": 5581.0,
        "NEA_st_rad": 1.05,
        "NEA_st_mass": 0.99,
        "NEA_ra": 81.3445824,
        "NEA_dec": -34.6682491,
        "NEA_period_day": 22.65398,
        "NEA_a_au": 0.158,
        "NEA_a_au_err1": 0.003,
        "NEA_a_au_err2": 0.003,
        "NEA_pl_rad_e:": 11.2089807,
        "NEA_pl_rad_e_err1": 0.22417961,
        "NEA_pl_rad_e_err2": -0.22417961,
        "NEA_pl_mass": 1900.61387386,
        "NEA_ins_flux": NaN,
        "NEA_pl_eq_temp": 799.0
    }
}