{
    "target": "TOI-540",
    "planet_name": "TOI-540 b",
    "from": "Transit (TESS)",
    "stellar": {
        "radius_Rsun": 0.197117,
        "mass_Msun": 0.166161
    },
    "bls": {
        "period_days": 0.7263972639726397,
        "t0": 1411.5142195659337,
        "depth": 0.001105940213798621,
        "duration_days": 0.33
    },
    "physical": {
        "planet_radius_Rearth": 0.7150239437177359,
        "semi_major_axis_AU": 0.008694145037975944
    },
    "NEA": {
        "NEA_pl_name": "TOI-540 b",
        "NEA_st_host": "TOI-540",
        "NEA_st_Teff": 3216.0,
        "NEA_st_rad": 0.1895,
        "NEA_st_mass": 0.159,
        "NEA_ra": 76.3096949,
        "NEA_dec": -47.9375391,
        "NEA_period_day": 1.2391481,
        "NEA_a_au": 0.012230000000000001,
        "NEA_a_au_err1": NaN,
        "NEA_a_au_err2": NaN,
        "NEA_pl_rad_e:": NaN,
        "NEA_pl_rad_e_err1": NaN,
        "NEA_pl_rad_e_err2": NaN,
        "NEA_pl_mass": NaN,
        "NEA_ins_flux": 23.4,
        "NEA_pl_eq_temp": 611.0
    }
}