{
    "target": "TOI-622",
    "planet_name": "TOI-622 b",
    "from": "Transit (TESS)",
    "stellar": {
        "radius_Rsun": 1.4072,
        "mass_Msun": 1.42
    },
    "bls": {
        "period_days": 6.402514025140252,
        "t0": 1520.6967654849536,
        "depth": 0.0016846283937803218,
        "duration_days": 0.15
    },
    "physical": {
        "planet_radius_Rearth": 6.299971196178053,
        "semi_major_axis_AU": 0.07584568112540571
    },
    "NEA": {
        "NEA_pl_name": "TOI-622 b",
        "NEA_st_host": "TOI-622",
        "NEA_st_Teff": 6400.0,
        "NEA_st_rad": 1.415,
        "NEA_st_mass": 1.313,
        "NEA_ra": 125.3050544,
        "NEA_dec": -46.4842959,
        "NEA_period_day": 6.402513,
        "NEA_a_au": 0.0708,
        "NEA_a_au_err1": 0.0052,
        "NEA_a_au_err2": 0.0052,
        "NEA_pl_rad_e:": 9.2362001,
        "NEA_pl_rad_e_err1": 0.31385146,
        "NEA_pl_rad_e_err2": -0.32506044,
        "NEA_pl_mass": 96.30200732,
        "NEA_ins_flux": 602.0,
        "NEA_pl_eq_temp": 1388.0
    }
}