{
    "target": "TOI-3135",
    "planet_name": "TOI-3135 b",
    "from": "Transit (TESS)",
    "stellar": {
        "radius_Rsun": 1.02752,
        "mass_Msun": 1.0
    },
    "bls": {
        "period_days": 3.7034920349203495,
        "t0": 3069.6178045037036,
        "depth": 0.012017265571599602,
        "duration_days": 0.05
    },
    "physical": {
        "planet_radius_Rearth": 12.286375735294559,
        "semi_major_axis_AU": 0.04684630324443346
    },
    "NEA": {
        "NEA_pl_name": "TOI-3135 b",
        "NEA_st_host": "TOI-3135",
        "NEA_st_Teff": 5890.0,
        "NEA_st_rad": 0.985,
        "NEA_st_mass": 1.044,
        "NEA_ra": 207.8592276,
        "NEA_dec": -69.7725635,
        "NEA_period_day": 3.7065585,
        "NEA_a_au": 0.04756,
        "NEA_a_au_err1": 0.00063,
        "NEA_a_au_err2": 0.00063,
        "NEA_pl_rad_e:": 13.65253849,
        "NEA_pl_rad_e_err1": 0.33626942,
        "NEA_pl_rad_e_err2": -0.33626942,
        "NEA_pl_mass": 327.36325921,
        "NEA_ins_flux": 464.0,
        "NEA_pl_eq_temp": 1292.0
    }
}