{
    "target": "TOI-2019",
    "planet_name": "TOI-2019 b",
    "from": "Transit (TESS)",
    "stellar": {
        "radius_Rsun": 1.79774,
        "mass_Msun": 0.987
    },
    "bls": {
        "period_days": 19.881438814388144,
        "t0": 1943.1851710049584,
        "depth": 0.0014180937904256221,
        "duration_days": 0.05
    },
    "physical": {
        "planet_radius_Rearth": 7.3843120078503235,
        "semi_major_axis_AU": 0.14300085701959453
    },
    "NEA": {
        "NEA_pl_name": "TOI-2019 b",
        "NEA_st_host": "TOI-2019",
        "NEA_st_Teff": 5626.0,
        "NEA_st_rad": 1.7457,
        "NEA_st_mass": 1.1832,
        "NEA_ra": 234.4317651,
        "NEA_dec": 48.955206,
        "NEA_period_day": 15.3444,
        "NEA_a_au": 0.128,
        "NEA_a_au_err1": 0.003,
        "NEA_a_au_err2": 0.003,
        "NEA_pl_rad_e:": 5.33275337,
        "NEA_pl_rad_e_err1": 0.26371361,
        "NEA_pl_rad_e_err2": -0.20823795,
        "NEA_pl_mass": 34.4,
        "NEA_ins_flux": NaN,
        "NEA_pl_eq_temp": 917.46
    }
}