{
    "target": "TOI-1443",
    "planet_name": "TOI-1443 b",
    "from": "Transit (TESS)",
    "stellar": {
        "radius_Rsun": 0.748579,
        "mass_Msun": 0.89
    },
    "bls": {
        "period_days": 11.770332703327034,
        "t0": 1693.2531868479332,
        "depth": 0.0002682585735313851,
        "duration_days": 0.15
    },
    "physical": {
        "planet_radius_Rearth": 1.3373501301746533,
        "semi_major_axis_AU": 0.09740700948796491
    },
    "NEA": {
        "NEA_pl_name": "TOI-1443 b",
        "NEA_st_host": "TOI-1443",
        "NEA_st_Teff": 5224.0,
        "NEA_st_rad": 0.7511,
        "NEA_st_mass": 0.7663,
        "NEA_ra": 297.398678,
        "NEA_dec": 76.1391776,
        "NEA_period_day": 23.540678,
        "NEA_a_au": 0.147,
        "NEA_a_au_err1": 0.003,
        "NEA_a_au_err2": 0.003,
        "NEA_pl_rad_e:": 2.30381001,
        "NEA_pl_rad_e_err1": 0.12697832,
        "NEA_pl_rad_e_err2": -0.10061016,
        "NEA_pl_mass": 30.0,
        "NEA_ins_flux": NaN,
        "NEA_pl_eq_temp": 520.66
    }
}