{
    "target": "TOI-2194",
    "planet_name": "TOI-2194 b",
    "from": "Transit (TESS)",
    "stellar": {
        "radius_Rsun": 0.690927,
        "mass_Msun": 0.74
    },
    "bls": {
        "period_days": 15.341793417934182,
        "t0": 2037.3793673018645,
        "depth": 0.0005330270174360693,
        "duration_days": 0.1
    },
    "physical": {
        "planet_radius_Rearth": 1.7399527504157108,
        "semi_major_axis_AU": 0.10929384603111304
    },
    "NEA": {
        "NEA_pl_name": "TOI-2194 b",
        "NEA_st_host": "TOI-2194",
        "NEA_st_Teff": 4756.0,
        "NEA_st_rad": 0.6909,
        "NEA_st_mass": 0.74,
        "NEA_ra": 299.1563393,
        "NEA_dec": -31.3351812,
        "NEA_period_day": 15.337597,
        "NEA_a_au": NaN,
        "NEA_a_au_err1": NaN,
        "NEA_a_au_err2": NaN,
        "NEA_pl_rad_e:": 1.9892,
        "NEA_pl_rad_e_err1": 0.1313,
        "NEA_pl_rad_e_err2": -0.0668,
        "NEA_pl_mass": NaN,
        "NEA_ins_flux": NaN,
        "NEA_pl_eq_temp": 590.88
    }
}