{
    "target": "TOI-1295",
    "planet_name": "TOI-1295 b",
    "from": "Transit (TESS)",
    "stellar": {
        "radius_Rsun": 1.59715,
        "mass_Msun": 1.32
    },
    "bls": {
        "period_days": 3.196876968769687,
        "t0": 1931.9370823949891,
        "depth": 0.003882803375096093,
        "duration_days": 0.15
    },
    "physical": {
        "planet_radius_Rearth": 10.855481318438358,
        "semi_major_axis_AU": 0.04658824038577702
    },
    "NEA": {
        "NEA_pl_name": "TOI-1295 b",
        "NEA_st_host": "TOI-1295",
        "NEA_st_Teff": 6280.0,
        "NEA_st_rad": 1.7,
        "NEA_st_mass": 1.38,
        "NEA_ra": 256.6722026,
        "NEA_dec": 67.8715032,
        "NEA_period_day": 3.1968838,
        "NEA_a_au": 0.047,
        "NEA_a_au_err1": 0.002,
        "NEA_a_au_err2": 0.002,
        "NEA_pl_rad_e:": 15.69257298,
        "NEA_pl_rad_e_err1": 0.89671846,
        "NEA_pl_rad_e_err2": -0.89671846,
        "NEA_pl_mass": 451.31633794,
        "NEA_ins_flux": 1800.0,
        "NEA_pl_eq_temp": 2360.0
    }
}