{
    "target": "TOI-669",
    "planet_name": "TOI-669 b",
    "from": "Transit (TESS)",
    "stellar": {
        "radius_Rsun": 0.989198,
        "mass_Msun": 0.996
    },
    "bls": {
        "period_days": 3.94509945099451,
        "t0": 1546.1562194568237,
        "depth": 0.0006237961773437605,
        "duration_days": 0.1
    },
    "physical": {
        "planet_radius_Rearth": 2.6948541374016783,
        "semi_major_axis_AU": 0.04879696358424685
    },
    "NEA": {
        "NEA_pl_name": "TOI-669 b",
        "NEA_st_host": "TOI-669",
        "NEA_st_Teff": 5597.0,
        "NEA_st_rad": 0.9882,
        "NEA_st_mass": 0.9245,
        "NEA_ra": 158.9007013,
        "NEA_dec": -5.1813735,
        "NEA_period_day": 3.945152,
        "NEA_a_au": 0.048,
        "NEA_a_au_err1": 0.001,
        "NEA_a_au_err2": 0.001,
        "NEA_pl_rad_e:": 2.58606487,
        "NEA_pl_rad_e_err1": 0.13042739,
        "NEA_pl_rad_e_err2": -0.11014467,
        "NEA_pl_mass": 10.0,
        "NEA_ins_flux": 388.2,
        "NEA_pl_eq_temp": 1124.85
    }
}