{
    "target": "TOI-1859",
    "planet_name": "TOI-1859 b",
    "from": "Transit (TESS)",
    "stellar": {
        "radius_Rsun": 1.40156,
        "mass_Msun": 1.291
    },
    "bls": {
        "period_days": 15.871028710287101,
        "t0": 1694.388765175154,
        "depth": 0.0003390319538136605,
        "duration_days": 0.2
    },
    "physical": {
        "planet_radius_Rearth": 2.814898177555891,
        "semi_major_axis_AU": 0.13457979042035992
    },
    "NEA": {
        "NEA_pl_name": "TOI-1859 b",
        "NEA_st_host": "TOI-1859",
        "NEA_st_Teff": 6341.0,
        "NEA_st_rad": 1.36,
        "NEA_st_mass": 1.287,
        "NEA_ra": 279.8317644,
        "NEA_dec": 69.5228726,
        "NEA_period_day": 63.48347,
        "NEA_a_au": 0.337,
        "NEA_a_au_err1": 0.044,
        "NEA_a_au_err2": 0.044,
        "NEA_pl_rad_e:": 9.75181321,
        "NEA_pl_rad_e_err1": 0.78462865,
        "NEA_pl_rad_e_err2": -0.78462865,
        "NEA_pl_mass": NaN,
        "NEA_ins_flux": NaN,
        "NEA_pl_eq_temp": NaN
    }
}