{
    "target": "TOI-1442",
    "planet_name": "TOI-1442 b",
    "from": "Transit (TESS)",
    "stellar": {
        "radius_Rsun": 0.308799,
        "mass_Msun": 0.286682
    },
    "bls": {
        "period_days": 1.6362763627636276,
        "t0": 1683.4533607092103,
        "depth": 0.0006248497979094829,
        "duration_days": 0.05
    },
    "physical": {
        "planet_radius_Rearth": 0.8419656646995932,
        "semi_major_axis_AU": 0.017918664102240463
    },
    "NEA": {
        "NEA_pl_name": "TOI-1442 b",
        "NEA_st_host": "TOI-1442",
        "NEA_st_Teff": 3330.0,
        "NEA_st_rad": 0.31,
        "NEA_st_mass": 0.29,
        "NEA_ra": 287.2921006,
        "NEA_dec": 74.1742762,
        "NEA_period_day": 0.4090677,
        "NEA_a_au": 0.0071,
        "NEA_a_au_err1": 0.0002,
        "NEA_a_au_err2": 0.0002,
        "NEA_pl_rad_e:": 1.17,
        "NEA_pl_rad_e_err1": 0.06,
        "NEA_pl_rad_e_err2": -0.06,
        "NEA_pl_mass": NaN,
        "NEA_ins_flux": NaN,
        "NEA_pl_eq_temp": 1072.0
    }
}