{
    "target": "TOI-6130",
    "planet_name": "TOI-6130 b",
    "from": "Transit (TESS)",
    "stellar": {
        "radius_Rsun": 1.17188,
        "mass_Msun": 1.094
    },
    "bls": {
        "period_days": 2.3924939249392496,
        "t0": 3560.2806689585823,
        "depth": 0.004595155542171176,
        "duration_days": 0.05
    },
    "physical": {
        "planet_radius_Rearth": 8.664907480095222,
        "semi_major_axis_AU": 0.03607231807774991
    },
    "NEA": {
        "NEA_pl_name": "TOI-6130 b",
        "NEA_st_host": "TOI-6130",
        "NEA_st_Teff": 6110.0,
        "NEA_st_rad": 1.51,
        "NEA_st_mass": 1.31,
        "NEA_ra": 339.2050832,
        "NEA_dec": 16.8271941,
        "NEA_period_day": 2.392679,
        "NEA_a_au": 0.036,
        "NEA_a_au_err1": 0.002,
        "NEA_a_au_err2": 0.002,
        "NEA_pl_rad_e:": 14.3474953,
        "NEA_pl_rad_e_err1": 0.33626942,
        "NEA_pl_rad_e_err2": -0.33626942,
        "NEA_pl_mass": 333.71982735,
        "NEA_ins_flux": 1150.0,
        "NEA_pl_eq_temp": 1750.0
    }
}