{
    "target": "TOI-715",
    "planet_name": "TOI-715 b",
    "from": "Transit (TESS)",
    "stellar": {
        "radius_Rsun": 0.229824,
        "mass_Msun": 0.199363
    },
    "bls": {
        "period_days": 19.287852878528785,
        "t0": 1327.5610725409767,
        "depth": 0.004144001674816105,
        "duration_days": 0.05
    },
    "physical": {
        "planet_radius_Rearth": 1.6137491238564983,
        "semi_major_axis_AU": 0.08222524167190151
    },
    "NEA": {
        "NEA_pl_name": "TOI-715 b",
        "NEA_st_host": "TOI-715",
        "NEA_st_Teff": 3075.0,
        "NEA_st_rad": 0.24,
        "NEA_st_mass": 0.225,
        "NEA_ra": 113.8523276,
        "NEA_dec": -73.5774089,
        "NEA_period_day": 19.288004,
        "NEA_a_au": 0.083,
        "NEA_a_au_err1": 0.0027,
        "NEA_a_au_err2": 0.0027,
        "NEA_pl_rad_e:": 1.55,
        "NEA_pl_rad_e_err1": 0.064,
        "NEA_pl_rad_e_err2": -0.064,
        "NEA_pl_mass": NaN,
        "NEA_ins_flux": 0.67,
        "NEA_pl_eq_temp": 234.0
    }
}