{
    "target": "TOI-4641",
    "planet_name": "TOI-4641 b",
    "from": "Transit (TESS)",
    "stellar": {
        "radius_Rsun": 1.75449,
        "mass_Msun": 1.46
    },
    "bls": {
        "period_days": 1.01890018900189,
        "t0": 1791.4322744497058,
        "depth": 0.00015155497655384488,
        "duration_days": 0.33
    },
    "physical": {
        "planet_radius_Rearth": 2.3559532987141503,
        "semi_major_axis_AU": 0.022480523956316473
    },
    "NEA": {
        "NEA_pl_name": "TOI-4641 b",
        "NEA_st_host": "TOI-4641",
        "NEA_st_Teff": 6560.0,
        "NEA_st_rad": 1.72,
        "NEA_st_mass": 1.41,
        "NEA_ra": 42.5582023,
        "NEA_dec": 25.3335334,
        "NEA_period_day": 22.09341,
        "NEA_a_au": 0.173,
        "NEA_a_au_err1": 0.015,
        "NEA_a_au_err2": 0.015,
        "NEA_pl_rad_e:": 8.18255591,
        "NEA_pl_rad_e_err1": 0.2914335,
        "NEA_pl_rad_e_err2": -0.31385146,
        "NEA_pl_mass": 1229.99593509,
        "NEA_ins_flux": NaN,
        "NEA_pl_eq_temp": NaN
    }
}