{
    "target": "TOI-1273",
    "planet_name": "TOI-1273 b",
    "from": "Transit (TESS)",
    "stellar": {
        "radius_Rsun": 1.06597,
        "mass_Msun": 1.015
    },
    "bls": {
        "period_days": 4.631311313113131,
        "t0": 1712.3427627551534,
        "depth": 0.0033576776175456213,
        "duration_days": 0.05
    },
    "physical": {
        "planet_radius_Rearth": 6.737443859825601,
        "semi_major_axis_AU": 0.05464608408747654
    },
    "NEA": {
        "NEA_pl_name": "TOI-1273 b",
        "NEA_st_host": "TOI-1273",
        "NEA_st_Teff": 5690.0,
        "NEA_st_rad": 1.06,
        "NEA_st_mass": 1.06,
        "NEA_ra": 214.1208564,
        "NEA_dec": 58.3902534,
        "NEA_period_day": 4.631296,
        "NEA_a_au": 0.0549,
        "NEA_a_au_err1": 0.001,
        "NEA_a_au_err2": 0.001,
        "NEA_pl_rad_e:": 11.09689089,
        "NEA_pl_rad_e_err1": 2.46597575,
        "NEA_pl_rad_e_err2": -2.46597575,
        "NEA_pl_mass": 70.55790635,
        "NEA_ins_flux": NaN,
        "NEA_pl_eq_temp": 1211.0
    }
}