{
    "target": "TOI-4127",
    "planet_name": "TOI-4127 b",
    "from": "Transit (TESS)",
    "stellar": {
        "radius_Rsun": 1.24863,
        "mass_Msun": 1.3
    },
    "bls": {
        "period_days": 15.390738907389073,
        "t0": 2395.699806532736,
        "depth": 0.0006742411505212412,
        "duration_days": 0.2
    },
    "physical": {
        "planet_radius_Rearth": 3.5364870488839073,
        "semi_major_axis_AU": 0.13215648527123594
    },
    "NEA": {
        "NEA_pl_name": "TOI-4127 b",
        "NEA_st_host": "TOI-4127",
        "NEA_st_Teff": 6096.0,
        "NEA_st_rad": 1.293,
        "NEA_st_mass": 1.23,
        "NEA_ra": 105.4045516,
        "NEA_dec": 72.4149297,
        "NEA_period_day": 56.39879,
        "NEA_a_au": 0.3081,
        "NEA_a_au_err1": 0.0055,
        "NEA_a_au_err2": 0.0055,
        "NEA_pl_rad_e:": 12.28504285,
        "NEA_pl_rad_e_err1": 0.43715025,
        "NEA_pl_rad_e_err2": -0.35868738,
        "NEA_pl_mass": 731.0053361,
        "NEA_ins_flux": 22.3,
        "NEA_pl_eq_temp": 605.1
    }
}