{
    "target": "TOI-2266",
    "planet_name": "TOI-2266 b",
    "from": "Transit (TESS)",
    "stellar": {
        "radius_Rsun": 0.261162,
        "mass_Msun": 0.233038
    },
    "bls": {
        "period_days": 1.395838958389584,
        "t0": 1956.5885862121913,
        "depth": 0.0017941653368017964,
        "duration_days": 0.33
    },
    "physical": {
        "planet_radius_Rearth": 1.2066238241738887,
        "semi_major_axis_AU": 0.01504181260533943
    },
    "NEA": {
        "NEA_pl_name": "TOI-2266 b",
        "NEA_st_host": "TOI-2266",
        "NEA_st_Teff": 3200.0,
        "NEA_st_rad": 0.24,
        "NEA_st_mass": 0.23,
        "NEA_ra": 245.2800398,
        "NEA_dec": 31.5770413,
        "NEA_period_day": 2.326318,
        "NEA_a_au": 0.02,
        "NEA_a_au_err1": 0.002,
        "NEA_a_au_err2": 0.002,
        "NEA_pl_rad_e:": 1.54,
        "NEA_pl_rad_e_err1": 0.09,
        "NEA_pl_rad_e_err2": -0.09,
        "NEA_pl_mass": NaN,
        "NEA_ins_flux": 13.0,
        "NEA_pl_eq_temp": 550.0
    }
}