{
    "target": "TOI-2876",
    "planet_name": "TOI-2876 b",
    "from": "Transit (TESS)",
    "stellar": {
        "radius_Rsun": 0.922991,
        "mass_Msun": 0.866
    },
    "bls": {
        "period_days": 6.300723007230072,
        "t0": 3665.7793340469607,
        "depth": 0.00940534849060519,
        "duration_days": 0.05
    },
    "physical": {
        "planet_radius_Rearth": 9.76372618339629,
        "semi_major_axis_AU": 0.06363566756705474
    },
    "NEA": {
        "NEA_pl_name": "TOI-2876 b",
        "NEA_st_host": "TOI-2876",
        "NEA_st_Teff": 5271.0,
        "NEA_st_rad": 0.873,
        "NEA_st_mass": 0.939,
        "NEA_ra": 110.2473528,
        "NEA_dec": -21.1146384,
        "NEA_period_day": 6.2996431,
        "NEA_a_au": 0.0654,
        "NEA_a_au_err1": 0.0009,
        "NEA_a_au_err2": 0.0009,
        "NEA_pl_rad_e:": 9.6397234,
        "NEA_pl_rad_e_err1": 0.33626942,
        "NEA_pl_rad_e_err2": -0.31385146,
        "NEA_pl_mass": 54.03082919,
        "NEA_ins_flux": 124.2,
        "NEA_pl_eq_temp": 929.0
    }
}