{
    "target": "TOI-3353",
    "planet_name": "TOI-3353.01",
    "from": "Transit (TESS)",
    "stellar": {
        "radius_Rsun": 1.0207,
        "mass_Msun": 1.0
    },
    "bls": {
        "period_days": 3.357363573635737,
        "t0": 1325.461340547732,
        "depth": 0.0011765909876822159,
        "duration_days": 0.33
    },
    "physical": {
        "planet_radius_Rearth": 3.8189287234486082,
        "semi_major_axis_AU": 0.04388000127064776
    },
    "NEA": {
        "NEA_pl_name": "TOI-3353.01",
        "NEA_st_host": "TOI-3353",
        "NEA_st_Teff": 6365.0,
        "NEA_st_rad": 1.0207,
        "NEA_st_mass": 1.332089,
        "NEA_ra": 106.5298146,
        "NEA_dec": -75.8195594,
        "NEA_period_day": 4.6657965,
        "NEA_a_au": 0.060118218,
        "NEA_a_au_err1": NaN,
        "NEA_a_au_err2": NaN,
        "NEA_pl_rad_e:": 2.6667555,
        "NEA_pl_rad_e_err1": 0.230776,
        "NEA_pl_rad_e_err2": -0.230776,
        "NEA_pl_mass": NaN,
        "NEA_ins_flux": 313.0426,
        "NEA_pl_eq_temp": 1264.36
    }
}