{
    "target": "TOI-4308",
    "planet_name": "TOI-4308 b",
    "from": "Transit (TESS)",
    "stellar": {
        "radius_Rsun": 0.793449,
        "mass_Msun": 0.9
    },
    "bls": {
        "period_days": 9.151261512615127,
        "t0": 1333.4257380127708,
        "depth": 0.0006309894404313019,
        "duration_days": 0.1
    },
    "physical": {
        "planet_radius_Rearth": 2.1740060186541346,
        "semi_major_axis_AU": 0.08266770150636517
    },
    "NEA": {
        "NEA_pl_name": "TOI-4308 b",
        "NEA_st_host": "TOI-4308",
        "NEA_st_Teff": 5243.0,
        "NEA_st_rad": 0.7934,
        "NEA_st_mass": 0.9,
        "NEA_ra": 327.7530693,
        "NEA_dec": -43.5623642,
        "NEA_period_day": 9.151201,
        "NEA_a_au": NaN,
        "NEA_a_au_err1": NaN,
        "NEA_a_au_err2": NaN,
        "NEA_pl_rad_e:": 2.4189,
        "NEA_pl_rad_e_err1": 0.1195,
        "NEA_pl_rad_e_err2": -0.1333,
        "NEA_pl_mass": NaN,
        "NEA_ins_flux": NaN,
        "NEA_pl_eq_temp": 763.05
    }
}