{
    "target": "TOI-1135",
    "planet_name": "TOI-1135 b",
    "from": "Transit (TESS)",
    "stellar": {
        "radius_Rsun": 1.15415,
        "mass_Msun": 1.155
    },
    "bls": {
        "period_days": 8.027855278552785,
        "t0": 1684.1317219946684,
        "depth": 0.0011116009154580832,
        "duration_days": 0.15
    },
    "physical": {
        "planet_radius_Rearth": 4.1972745987640385,
        "semi_major_axis_AU": 0.08232430378334454
    },
    "NEA": {
        "NEA_pl_name": "TOI-1135 b",
        "NEA_st_host": "TOI-1135",
        "NEA_st_Teff": 6122.0,
        "NEA_st_rad": 1.16,
        "NEA_st_mass": 1.125,
        "NEA_ra": 193.3963704,
        "NEA_dec": 85.1294952,
        "NEA_period_day": 8.02773,
        "NEA_a_au": 0.082,
        "NEA_a_au_err1": 0.003,
        "NEA_a_au_err2": 0.003,
        "NEA_pl_rad_e:": 9.02,
        "NEA_pl_rad_e_err1": 0.227,
        "NEA_pl_rad_e_err2": -0.227,
        "NEA_pl_mass": 51.42,
        "NEA_ins_flux": 254.894,
        "NEA_pl_eq_temp": 1198.9
    }
}