{
    "target": "TOI-5713",
    "planet_name": "TOI-5713 b",
    "from": "Transit (TESS)",
    "stellar": {
        "radius_Rsun": 0.292425,
        "mass_Msun": 0.267999
    },
    "bls": {
        "period_days": 14.26869768697687,
        "t0": 1744.8944078842983,
        "depth": 0.0019373333107722149,
        "duration_days": 0.33
    },
    "physical": {
        "planet_radius_Rearth": 1.4039361302995716,
        "semi_major_axis_AU": 0.07422809774174324
    },
    "NEA": {
        "NEA_pl_name": "TOI-5713 b",
        "NEA_st_host": "TOI-5713",
        "NEA_st_Teff": 3225.0,
        "NEA_st_rad": 0.2992,
        "NEA_st_mass": 0.2653,
        "NEA_ra": 208.4587323,
        "NEA_dec": 52.6027628,
        "NEA_period_day": 10.441989,
        "NEA_a_au": 0.06008,
        "NEA_a_au_err1": 0.00046,
        "NEA_a_au_err2": 0.00046,
        "NEA_pl_rad_e:": 1.77,
        "NEA_pl_rad_e_err1": 0.17,
        "NEA_pl_rad_e_err2": -0.14,
        "NEA_pl_mass": NaN,
        "NEA_ins_flux": 2.2554,
        "NEA_pl_eq_temp": 347.2
    }
}