{
    "target": "TOI-1194",
    "planet_name": "TOI-1194 b",
    "from": "Transit (TESS)",
    "stellar": {
        "radius_Rsun": 0.992671,
        "mass_Msun": 0.918
    },
    "bls": {
        "period_days": 2.3105931059310594,
        "t0": 1684.9407591876177,
        "depth": 0.004206929280899161,
        "duration_days": 0.05
    },
    "physical": {
        "planet_radius_Rearth": 7.02293452580132,
        "semi_major_axis_AU": 0.03324279957971354
    },
    "NEA": {
        "NEA_pl_name": "TOI-1194 b",
        "NEA_st_host": "TOI-1194",
        "NEA_st_Teff": 5446.0,
        "NEA_st_rad": 0.963,
        "NEA_st_mass": 1.007,
        "NEA_ra": 167.8214811,
        "NEA_dec": 69.9647749,
        "NEA_period_day": 2.310644,
        "NEA_a_au": 0.03428,
        "NEA_a_au_err1": 0.00055,
        "NEA_a_au_err2": 0.00055,
        "NEA_pl_rad_e:": 8.5972882,
        "NEA_pl_rad_e_err1": 0.50440413,
        "NEA_pl_rad_e_err2": -0.45956821,
        "NEA_pl_mass": 144.92975359,
        "NEA_ins_flux": NaN,
        "NEA_pl_eq_temp": 1391.0
    }
}