{
    "target": "TOI-892",
    "planet_name": "TOI-892 b",
    "from": "Transit (TESS)",
    "stellar": {
        "radius_Rsun": 1.355,
        "mass_Msun": 1.82
    },
    "bls": {
        "period_days": 10.627816278162783,
        "t0": 2208.927563345452,
        "depth": 0.003646301220779915,
        "duration_days": 0.2
    },
    "physical": {
        "planet_radius_Rearth": 8.924753830075883,
        "semi_major_axis_AU": 0.11550147671838051
    },
    "NEA": {
        "NEA_pl_name": "TOI-892 b",
        "NEA_st_host": "TOI-892",
        "NEA_st_Teff": 6261.0,
        "NEA_st_rad": 1.39,
        "NEA_st_mass": 1.28,
        "NEA_ra": 86.738228,
        "NEA_dec": -11.2353401,
        "NEA_period_day": 10.62656,
        "NEA_a_au": 0.092,
        "NEA_a_au_err1": NaN,
        "NEA_a_au_err2": NaN,
        "NEA_pl_rad_e:": 11.99360935,
        "NEA_pl_rad_e_err1": 0.22417961,
        "NEA_pl_rad_e_err2": -0.22417961,
        "NEA_pl_mass": 301.93698665,
        "NEA_ins_flux": NaN,
        "NEA_pl_eq_temp": 1397.0
    }
}