{
    "target": "TOI-2589",
    "planet_name": "TOI-2589 b",
    "from": "Transit (TESS)",
    "stellar": {
        "radius_Rsun": 1.06942,
        "mass_Msun": 1.08
    },
    "bls": {
        "period_days": 19.987129871298713,
        "t0": 2214.1297963904476,
        "depth": 0.0013835596850163042,
        "duration_days": 0.25
    },
    "physical": {
        "planet_radius_Rearth": 4.338882912148281,
        "semi_major_axis_AU": 0.14787993697550725
    },
    "NEA": {
        "NEA_pl_name": "TOI-2589 b",
        "NEA_st_host": "TOI-2589",
        "NEA_st_Teff": 5579.0,
        "NEA_st_rad": 1.07,
        "NEA_st_mass": 0.93,
        "NEA_ra": 107.4881501,
        "NEA_dec": -37.230948,
        "NEA_period_day": 61.6277,
        "NEA_a_au": 0.3,
        "NEA_a_au_err1": 0.006,
        "NEA_a_au_err2": 0.006,
        "NEA_pl_rad_e:": 12.10569916,
        "NEA_pl_rad_e_err1": 0.33626942,
        "NEA_pl_rad_e_err2": -0.33626942,
        "NEA_pl_mass": 1112.3994245,
        "NEA_ins_flux": NaN,
        "NEA_pl_eq_temp": 592.0
    }
}