{
    "target": "TOI-2411",
    "planet_name": "TOI-2411 b",
    "from": "Transit (TESS)",
    "stellar": {
        "radius_Rsun": 0.727642,
        "mass_Msun": 0.64
    },
    "bls": {
        "period_days": 0.7823628236282363,
        "t0": 2116.0360037212495,
        "depth": 0.00036841844055378564,
        "duration_days": 0.05
    },
    "physical": {
        "planet_radius_Rearth": 1.523418124165216,
        "semi_major_axis_AU": 0.014319675516854329
    },
    "NEA": {
        "NEA_pl_name": "TOI-2411 b",
        "NEA_st_host": "TOI-2411",
        "NEA_st_Teff": 4099.0,
        "NEA_st_rad": 0.68,
        "NEA_st_mass": 0.65,
        "NEA_ra": 20.9224567,
        "NEA_dec": -8.7017944,
        "NEA_period_day": 0.7826942,
        "NEA_a_au": 0.0144,
        "NEA_a_au_err1": 0.0001,
        "NEA_a_au_err2": 0.0001,
        "NEA_pl_rad_e:": 1.68,
        "NEA_pl_rad_e_err1": 0.11,
        "NEA_pl_rad_e_err2": -0.11,
        "NEA_pl_mass": NaN,
        "NEA_ins_flux": NaN,
        "NEA_pl_eq_temp": 1355.0
    }
}