{
    "target": "TOI-1823",
    "planet_name": "TOI-1823 b",
    "from": "Transit (TESS)",
    "stellar": {
        "radius_Rsun": 0.822372,
        "mass_Msun": 0.77
    },
    "bls": {
        "period_days": 19.40680406804068,
        "t0": 1695.7715623775732,
        "depth": 0.0007603070467400237,
        "duration_days": 0.25
    },
    "physical": {
        "planet_radius_Rearth": 2.473395134793953,
        "semi_major_axis_AU": 0.12953902917142215
    },
    "NEA": {
        "NEA_pl_name": "TOI-1823 b",
        "NEA_st_host": "TOI-1823",
        "NEA_st_Teff": 4927.0,
        "NEA_st_rad": 0.8049,
        "NEA_st_mass": 0.8414,
        "NEA_ra": 196.2197201,
        "NEA_dec": 63.753261,
        "NEA_period_day": 38.8,
        "NEA_a_au": 0.212,
        "NEA_a_au_err1": 0.004,
        "NEA_a_au_err2": 0.004,
        "NEA_pl_rad_e:": 7.5406241,
        "NEA_pl_rad_e_err1": 0.33185186,
        "NEA_pl_rad_e_err2": -0.25202617,
        "NEA_pl_mass": 67.4,
        "NEA_ins_flux": NaN,
        "NEA_pl_eq_temp": 423.63
    }
}