{
    "target": "TOI-2005",
    "planet_name": "TOI-2005 b",
    "from": "Transit (TESS)",
    "stellar": {
        "radius_Rsun": 2.22759,
        "mass_Msun": 1.65
    },
    "bls": {
        "period_days": 17.310923109231094,
        "t0": 2293.779155702885,
        "depth": 0.00155357438926597,
        "duration_days": 0.15
    },
    "physical": {
        "planet_radius_Rearth": 9.57705464604781,
        "semi_major_axis_AU": 0.1547542251184786
    },
    "NEA": {
        "NEA_pl_name": "TOI-2005 b",
        "NEA_st_host": "TOI-2005",
        "NEA_st_Teff": 7130.0,
        "NEA_st_rad": 2.02,
        "NEA_st_mass": 1.59,
        "NEA_ra": 164.031654,
        "NEA_dec": -43.3766967,
        "NEA_period_day": 17.305904,
        "NEA_a_au": 0.16,
        "NEA_a_au_err1": 0.02,
        "NEA_a_au_err2": 0.02,
        "NEA_pl_rad_e:": 11.99360935,
        "NEA_pl_rad_e_err1": 0.67253884,
        "NEA_pl_rad_e_err2": -1.23298788,
        "NEA_pl_mass": 2034.1018048,
        "NEA_ins_flux": NaN,
        "NEA_pl_eq_temp": NaN
    }
}