{
    "target": "TOI-2180",
    "planet_name": "TOI-2180 b",
    "from": "Transit (TESS)",
    "stellar": {
        "radius_Rsun": 1.62762,
        "mass_Msun": 1.025
    },
    "bls": {
        "period_days": 18.79761797617976,
        "t0": 1687.3199908414763,
        "depth": 8.627950584982643e-05,
        "duration_days": 0.33
    },
    "physical": {
        "planet_radius_Rearth": 1.649064040521014,
        "semi_major_axis_AU": 0.1395010736046203
    },
    "NEA": {
        "NEA_pl_name": "TOI-2180 b",
        "NEA_st_host": "TOI-2180",
        "NEA_st_Teff": 5695.0,
        "NEA_st_rad": 1.636,
        "NEA_st_mass": 1.111,
        "NEA_ra": 277.94363,
        "NEA_dec": 56.6506789,
        "NEA_period_day": 260.15764,
        "NEA_a_au": 0.8280000000000001,
        "NEA_a_au_err1": NaN,
        "NEA_a_au_err2": NaN,
        "NEA_pl_rad_e:": NaN,
        "NEA_pl_rad_e_err1": NaN,
        "NEA_pl_rad_e_err2": NaN,
        "NEA_pl_mass": NaN,
        "NEA_ins_flux": 2.71,
        "NEA_pl_eq_temp": 348.0
    }
}