{
    "target": "TOI-833",
    "planet_name": "TOI-833 b",
    "from": "Transit (TESS)",
    "stellar": {
        "radius_Rsun": 0.603336,
        "mass_Msun": 0.590802
    },
    "bls": {
        "period_days": 11.882653826538265,
        "t0": 1547.7791358035247,
        "depth": 0.00035113159803417906,
        "duration_days": 0.33
    },
    "physical": {
        "planet_radius_Rearth": 1.2331754647839859,
        "semi_major_axis_AU": 0.08551139624931554
    },
    "NEA": {
        "NEA_pl_name": "TOI-833 b",
        "NEA_st_host": "TOI-833",
        "NEA_st_Teff": 3920.0,
        "NEA_st_rad": 0.6,
        "NEA_st_mass": 0.61,
        "NEA_ra": 145.645472,
        "NEA_dec": -62.4758857,
        "NEA_period_day": 1.0418777,
        "NEA_a_au": 0.0171,
        "NEA_a_au_err1": 0.0003,
        "NEA_a_au_err2": 0.0003,
        "NEA_pl_rad_e:": 1.27,
        "NEA_pl_rad_e_err1": 0.07,
        "NEA_pl_rad_e_err2": -0.07,
        "NEA_pl_mass": NaN,
        "NEA_ins_flux": NaN,
        "NEA_pl_eq_temp": 1118.0
    }
}