{
    "target": "TOI-4010",
    "planet_name": "TOI-4010 d",
    "from": "Transit (TESS)",
    "stellar": {
        "radius_Rsun": 0.880213,
        "mass_Msun": 0.799
    },
    "bls": {
        "period_days": 14.708917089170892,
        "t0": 2721.426768203029,
        "depth": 0.003586631564256023,
        "duration_days": 0.1
    },
    "physical": {
        "planet_radius_Rearth": 5.7499205095282955,
        "semi_major_axis_AU": 0.10901939688793727
    }
}