{
    "target": "TOI-3757",
    "planet_name": "TOI-3757 b",
    "from": "Transit (TESS)",
    "stellar": {
        "radius_Rsun": 0.637223,
        "mass_Msun": 0.617459
    },
    "bls": {
        "period_days": 3.4386793867938685,
        "t0": 2911.670821351682,
        "depth": 0.027024508548299967,
        "duration_days": 0.05
    },
    "physical": {
        "planet_radius_Rearth": 11.42617903238529,
        "semi_major_axis_AU": 0.03796629465498117
    },
    "NEA": {
        "NEA_pl_name": "TOI-3757 b",
        "NEA_st_host": "TOI-3757",
        "NEA_st_Teff": 3913.0,
        "NEA_st_rad": 0.62,
        "NEA_st_mass": 0.64,
        "NEA_ra": 91.0036423,
        "NEA_dec": 55.0199793,
        "NEA_period_day": 3.438753,
        "NEA_a_au": 0.03845,
        "NEA_a_au_err1": 0.00043,
        "NEA_a_au_err2": 0.00043,
        "NEA_pl_rad_e:": 12.0,
        "NEA_pl_rad_e_err1": 0.4,
        "NEA_pl_rad_e_err2": -0.5,
        "NEA_pl_mass": 85.3,
        "NEA_ins_flux": 55.4,
        "NEA_pl_eq_temp": 759.0
    }
}