{
    "target": "TOI-5261",
    "planet_name": "TOI-5261 b",
    "from": "Transit (TESS)",
    "stellar": {
        "radius_Rsun": 1.04024,
        "mass_Msun": 1.012
    },
    "bls": {
        "period_days": 4.147511475114751,
        "t0": 3509.766974988857,
        "depth": 0.008410750521959755,
        "duration_days": 0.1
    },
    "physical": {
        "planet_radius_Rearth": 10.405946875194255,
        "semi_major_axis_AU": 0.05072082205434148
    },
    "NEA": {
        "NEA_pl_name": "TOI-5261 b",
        "NEA_st_host": "TOI-5261",
        "NEA_st_Teff": 5790.0,
        "NEA_st_rad": 1.021,
        "NEA_st_mass": 1.037,
        "NEA_ra": 305.4585453,
        "NEA_dec": 19.4358468,
        "NEA_period_day": 4.1509768,
        "NEA_a_au": 0.05134,
        "NEA_a_au_err1": 0.00086,
        "NEA_a_au_err2": 0.00086,
        "NEA_pl_rad_e:": 11.60129502,
        "NEA_pl_rad_e_err1": 0.47077719,
        "NEA_pl_rad_e_err2": -0.45956821,
        "NEA_pl_mass": 3651.84839643,
        "NEA_ins_flux": NaN,
        "NEA_pl_eq_temp": 1244.0
    }
}