{
    "target": "TOI-260",
    "planet_name": "TOI-260 b",
    "from": "Transit (TESS)",
    "stellar": {
        "radius_Rsun": 0.618173,
        "mass_Msun": 0.63
    },
    "bls": {
        "period_days": 13.47581975819758,
        "t0": 1392.2916606217273,
        "depth": 0.0005041842286668985,
        "duration_days": 0.05
    },
    "physical": {
        "planet_radius_Rearth": 1.5140329954489657,
        "semi_major_axis_AU": 0.09500607161284874
    },
    "NEA": {
        "NEA_pl_name": "TOI-260 b",
        "NEA_st_host": "TOI-260",
        "NEA_st_Teff": 4050.0,
        "NEA_st_rad": 0.5468,
        "NEA_st_mass": 0.5485,
        "NEA_ra": 4.7730178,
        "NEA_dec": -9.9661505,
        "NEA_period_day": 13.475815,
        "NEA_a_au": 0.091,
        "NEA_a_au_err1": 0.002,
        "NEA_a_au_err2": 0.002,
        "NEA_pl_rad_e:": 1.47291596,
        "NEA_pl_rad_e_err1": 0.12029037,
        "NEA_pl_rad_e_err2": -0.08400154,
        "NEA_pl_mass": 3.3,
        "NEA_ins_flux": NaN,
        "NEA_pl_eq_temp": 438.59
    }
}