{
    "target": "TOI-4010",
    "planet_name": "TOI-4010 c",
    "from": "Transit (TESS)",
    "stellar": {
        "radius_Rsun": 0.880213,
        "mass_Msun": 0.799
    },
    "bls": {
        "period_days": 5.414634146341464,
        "t0": 2720.201768203029,
        "depth": 0.0035083212641889685,
        "duration_days": 0.1
    },
    "physical": {
        "planet_radius_Rearth": 5.686802367605707,
        "planet_radius_err_Re": 0.3747773287379174,
        "semi_major_axis_AU": 0.05599673692772894,
        "a_err": 0.002265784028746174,
        "snr": 44.53719671894052
    }
}