{
    "target": "TOI-1777",
    "planet_name": "TOI-1777.01",
    "from": "Transit (TESS)",
    "stellar": {
        "radius_Rsun": 0.983752,
        "mass_Msun": 1.06
    },
    "bls": {
        "period_days": 14.650121501215013,
        "t0": 1873.2990822722963,
        "depth": 0.00025919634237148593,
        "duration_days": 0.1
    },
    "physical": {
        "planet_radius_Rearth": 1.7275504615122574,
        "semi_major_axis_AU": 0.11947136384702588
    },
    "NEA": {
        "NEA_pl_name": "TOI-1777.01",
        "NEA_st_host": "TOI-1777",
        "NEA_st_Teff": 5859.0,
        "NEA_st_rad": 0.98,
        "NEA_st_mass": 1.06,
        "NEA_ra": 151.807032,
        "NEA_dec": 46.1148814,
        "NEA_period_day": 14.650111974,
        "NEA_a_au": 0.119466,
        "NEA_a_au_err1": 0.004805,
        "NEA_a_au_err2": 0.004805,
        "NEA_pl_rad_e:": 2.246,
        "NEA_pl_rad_e_err1": 0.279,
        "NEA_pl_rad_e_err2": -0.177,
        "NEA_pl_mass": NaN,
        "NEA_ins_flux": 71.34,
        "NEA_pl_eq_temp": NaN
    }
}