{
    "target": "TOI-122",
    "planet_name": "TOI-122 b",
    "from": "Transit (TESS)",
    "stellar": {
        "radius_Rsun": 0.334125,
        "mass_Msun": 0.315858
    },
    "bls": {
        "period_days": 5.078060780607807,
        "t0": 1329.114912336962,
        "depth": 0.004286557204837104,
        "duration_days": 0.05
    },
    "physical": {
        "planet_radius_Rearth": 2.386129241373257,
        "semi_major_axis_AU": 0.03937587994726284
    },
    "NEA": {
        "NEA_pl_name": "TOI-122 b",
        "NEA_st_host": "TOI-122",
        "NEA_st_Teff": 3403.0,
        "NEA_st_rad": 0.334,
        "NEA_st_mass": 0.312,
        "NEA_ra": 332.9482355,
        "NEA_dec": -58.946085,
        "NEA_period_day": 5.07803,
        "NEA_a_au": 0.0392,
        "NEA_a_au_err1": 0.0007,
        "NEA_a_au_err2": 0.0007,
        "NEA_pl_rad_e:": 2.72,
        "NEA_pl_rad_e_err1": 0.18,
        "NEA_pl_rad_e_err2": -0.18,
        "NEA_pl_mass": NaN,
        "NEA_ins_flux": 8.8,
        "NEA_pl_eq_temp": 471.0
    }
}