{
    "target": "TOI-1235",
    "planet_name": "TOI-1235 b",
    "from": "Transit (TESS)",
    "stellar": {
        "radius_Rsun": 0.629575,
        "mass_Msun": 0.611578
    },
    "bls": {
        "period_days": 3.4447244472444725,
        "t0": 1683.6203772792383,
        "depth": 0.0006699757845548374,
        "duration_days": 0.05
    },
    "physical": {
        "planet_radius_Rearth": 1.7774922112093068,
        "semi_major_axis_AU": 0.03788971381312812
    },
    "NEA": {
        "NEA_pl_name": "TOI-1235 b",
        "NEA_st_host": "TOI-1235",
        "NEA_st_Teff": 3997.0,
        "NEA_st_rad": 0.619,
        "NEA_st_mass": 0.63,
        "NEA_ra": 152.2182549,
        "NEA_dec": 69.2766204,
        "NEA_period_day": 3.444717,
        "NEA_a_au": 0.03826,
        "NEA_a_au_err1": 0.00048,
        "NEA_a_au_err2": 0.00048,
        "NEA_pl_rad_e:": 1.694,
        "NEA_pl_rad_e_err1": 0.08,
        "NEA_pl_rad_e_err2": -0.077,
        "NEA_pl_mass": 5.9,
        "NEA_ins_flux": 60.3,
        "NEA_pl_eq_temp": 775.0
    }
}