{
    "target": "TOI-1695",
    "planet_name": "TOI-1695 b",
    "from": "Transit (TESS)",
    "stellar": {
        "radius_Rsun": 0.516105,
        "mass_Msun": 0.513745
    },
    "bls": {
        "period_days": 3.1342813428134284,
        "t0": 1791.5246780525033,
        "depth": 0.0009910960465271872,
        "duration_days": 0.05
    },
    "physical": {
        "planet_radius_Rearth": 1.772256662288196,
        "semi_major_axis_AU": 0.033569296224884096
    },
    "NEA": {
        "NEA_pl_name": "TOI-1695 b",
        "NEA_st_host": "TOI-1695",
        "NEA_st_Teff": 3690.0,
        "NEA_st_rad": 0.515,
        "NEA_st_mass": 0.513,
        "NEA_ra": 21.9217346,
        "NEA_dec": 72.2966148,
        "NEA_period_day": 3.1342791,
        "NEA_a_au": 0.033548,
        "NEA_a_au_err1": 0.00026,
        "NEA_a_au_err2": 0.00026,
        "NEA_pl_rad_e:": 1.9,
        "NEA_pl_rad_e_err1": 0.16,
        "NEA_pl_rad_e_err2": -0.14,
        "NEA_pl_mass": 6.36,
        "NEA_ins_flux": 39.0,
        "NEA_pl_eq_temp": 698.0
    }
}