{
    "target": "TOI-1807",
    "planet_name": "TOI-1807 b",
    "from": "Transit (TESS)",
    "stellar": {
        "radius_Rsun": 0.741027,
        "mass_Msun": 0.73
    },
    "bls": {
        "period_days": 7.687576875768758,
        "t0": 1903.246050561671,
        "depth": 0.0010370088314503114,
        "duration_days": 0.33
    },
    "physical": {
        "planet_radius_Rearth": 2.6028907432951565,
        "semi_major_axis_AU": 0.06863858416669663
    },
    "NEA": {
        "NEA_pl_name": "TOI-1807 b",
        "NEA_st_host": "TOI-1807",
        "NEA_st_Teff": 4757.0,
        "NEA_st_rad": 0.6802,
        "NEA_st_mass": 0.75,
        "NEA_ra": 201.2826259,
        "NEA_dec": 38.9223671,
        "NEA_period_day": 0.549372,
        "NEA_a_au": 0.00812,
        "NEA_a_au_err1": 0.00037,
        "NEA_a_au_err2": 0.00037,
        "NEA_pl_rad_e:": 1.258,
        "NEA_pl_rad_e_err1": 0.04,
        "NEA_pl_rad_e_err2": -0.039,
        "NEA_pl_mass": NaN,
        "NEA_ins_flux": NaN,
        "NEA_pl_eq_temp": 2100.0
    }
}