{
    "target": "TOI-2373",
    "planet_name": "TOI-2373 b",
    "from": "Transit (TESS)",
    "stellar": {
        "radius_Rsun": 1.20399,
        "mass_Msun": 0.97
    },
    "bls": {
        "period_days": 13.343608436084363,
        "t0": 2155.1633709903945,
        "depth": 0.005939187855340968,
        "duration_days": 0.15
    },
    "physical": {
        "planet_radius_Rearth": 10.12085237357265,
        "semi_major_axis_AU": 0.10898677950553132
    },
    "NEA": {
        "NEA_pl_name": "TOI-2373 b",
        "NEA_st_host": "TOI-2373",
        "NEA_st_Teff": 5651.0,
        "NEA_st_rad": 1.102,
        "NEA_st_mass": 1.041,
        "NEA_ra": 61.6862197,
        "NEA_dec": -16.7557546,
        "NEA_period_day": 13.33668,
        "NEA_a_au": 0.112,
        "NEA_a_au_err1": 0.001,
        "NEA_a_au_err2": 0.001,
        "NEA_pl_rad_e:": 10.42435205,
        "NEA_pl_rad_e_err1": 0.22417961,
        "NEA_pl_rad_e_err2": -0.22417961,
        "NEA_pl_mass": 2955.8041851,
        "NEA_ins_flux": NaN,
        "NEA_pl_eq_temp": 860.0
    }
}