{
    "target": "TOI-620",
    "planet_name": "TOI-620 b",
    "from": "Transit (TESS)",
    "stellar": {
        "radius_Rsun": 0.547453,
        "mass_Msun": 0.542958
    },
    "bls": {
        "period_days": 5.098730987309874,
        "t0": 1518.0184011876263,
        "depth": 0.0017191010187547606,
        "duration_days": 0.05
    },
    "physical": {
        "planet_radius_Rearth": 2.475872169566751,
        "semi_major_axis_AU": 0.047296738484980685
    },
    "NEA": {
        "NEA_pl_name": "TOI-620 b",
        "NEA_st_host": "TOI-620",
        "NEA_st_Teff": 3708.0,
        "NEA_st_rad": 0.55,
        "NEA_st_mass": 0.577,
        "NEA_ra": 142.1734459,
        "NEA_dec": -12.1671652,
        "NEA_period_day": 5.0988179,
        "NEA_a_au": 0.04825,
        "NEA_a_au_err1": 0.00065,
        "NEA_a_au_err2": 0.00065,
        "NEA_pl_rad_e:": 3.76,
        "NEA_pl_rad_e_err1": 0.15,
        "NEA_pl_rad_e_err2": -0.15,
        "NEA_pl_mass": NaN,
        "NEA_ins_flux": 20.8,
        "NEA_pl_eq_temp": 603.6
    }
}