{
    "target": "TOI-332",
    "planet_name": "TOI-332 b",
    "from": "Transit (TESS)",
    "stellar": {
        "radius_Rsun": 0.95852,
        "mass_Msun": 0.88
    },
    "bls": {
        "period_days": 0.7767077670776708,
        "t0": 2062.454791186882,
        "depth": 0.0009073842688313357,
        "duration_days": 0.05
    },
    "physical": {
        "planet_radius_Rearth": 3.1493975200954223,
        "semi_major_axis_AU": 0.015846512765825316
    },
    "NEA": {
        "NEA_pl_name": "TOI-332 b",
        "NEA_st_host": "TOI-332",
        "NEA_st_Teff": 5251.0,
        "NEA_st_rad": 0.87,
        "NEA_st_mass": 0.88,
        "NEA_ra": 348.0589516,
        "NEA_dec": -44.8764852,
        "NEA_period_day": 0.777038,
        "NEA_a_au": 0.0159,
        "NEA_a_au_err1": 0.0001,
        "NEA_a_au_err2": 0.0001,
        "NEA_pl_rad_e:": 3.2,
        "NEA_pl_rad_e_err1": 0.16,
        "NEA_pl_rad_e_err2": -0.11,
        "NEA_pl_mass": 57.2,
        "NEA_ins_flux": NaN,
        "NEA_pl_eq_temp": 1871.0
    }
}