{
    "target": "TOI-2445",
    "planet_name": "TOI-2445 b",
    "from": "Transit (TESS)",
    "stellar": {
        "radius_Rsun": 0.272233,
        "mass_Msun": 0.245288
    },
    "bls": {
        "period_days": 17.985629856298562,
        "t0": 1418.527998620474,
        "depth": 0.007429800710209983,
        "duration_days": 0.05
    },
    "physical": {
        "planet_radius_Rearth": 2.5595288597114183,
        "semi_major_axis_AU": 0.08409630552549832
    },
    "NEA": {
        "NEA_pl_name": "TOI-2445 b",
        "NEA_st_host": "TOI-2445",
        "NEA_st_Teff": 3333.0,
        "NEA_st_rad": 0.27,
        "NEA_st_mass": 0.25,
        "NEA_ra": 43.3161555,
        "NEA_dec": 0.0523366,
        "NEA_period_day": 0.3711281,
        "NEA_a_au": 0.0064,
        "NEA_a_au_err1": 0.0001,
        "NEA_a_au_err2": 0.0001,
        "NEA_pl_rad_e:": 1.25,
        "NEA_pl_rad_e_err1": 0.08,
        "NEA_pl_rad_e_err2": -0.08,
        "NEA_pl_mass": NaN,
        "NEA_ins_flux": NaN,
        "NEA_pl_eq_temp": 1060.0
    }
}