{
    "target": "TOI-3261",
    "planet_name": "TOI-3261 b",
    "from": "Transit (TESS)",
    "stellar": {
        "radius_Rsun": 0.862761,
        "mass_Msun": 0.87
    },
    "bls": {
        "period_days": 0.883178831788318,
        "t0": 3015.8231751180756,
        "depth": 0.0011961465140274668,
        "duration_days": 0.1
    },
    "physical": {
        "planet_radius_Rearth": 3.2547180607114954,
        "semi_major_axis_AU": 0.017197813451407813
    },
    "NEA": {
        "NEA_pl_name": "TOI-3261 b",
        "NEA_st_host": "TOI-3261",
        "NEA_st_Teff": 5068.0,
        "NEA_st_rad": 0.849,
        "NEA_st_mass": 0.861,
        "NEA_ra": 47.7285242,
        "NEA_dec": -73.531972,
        "NEA_period_day": 0.8831331,
        "NEA_a_au": 0.01714,
        "NEA_a_au_err1": 0.00013,
        "NEA_a_au_err2": 0.00013,
        "NEA_pl_rad_e:": 3.82,
        "NEA_pl_rad_e_err1": 0.42,
        "NEA_pl_rad_e_err2": -0.35,
        "NEA_pl_mass": 30.3,
        "NEA_ins_flux": 1466.0,
        "NEA_pl_eq_temp": 1722.0
    }
}