{
    "target": "TOI-782",
    "planet_name": "TOI-782 b",
    "from": "Transit (TESS)",
    "stellar": {
        "radius_Rsun": 0.406516,
        "mass_Msun": 0.398817
    },
    "bls": {
        "period_days": 8.023955239552397,
        "t0": 1577.0433779456318,
        "depth": 0.003483340815526581,
        "duration_days": 0.05
    },
    "physical": {
        "planet_radius_Rearth": 2.617015573874379,
        "semi_major_axis_AU": 0.05773660827055612
    },
    "NEA": {
        "NEA_pl_name": "TOI-782 b",
        "NEA_st_host": "TOI-782",
        "NEA_st_Teff": 3370.0,
        "NEA_st_rad": 0.413,
        "NEA_st_mass": 0.397,
        "NEA_ra": 183.9203614,
        "NEA_dec": -18.9103377,
        "NEA_period_day": 8.0240015,
        "NEA_a_au": 0.0578,
        "NEA_a_au_err1": 0.0018,
        "NEA_a_au_err2": 0.0018,
        "NEA_pl_rad_e:": 2.734,
        "NEA_pl_rad_e_err1": 0.085,
        "NEA_pl_rad_e_err2": -0.085,
        "NEA_pl_mass": 19.1,
        "NEA_ins_flux": 5.91,
        "NEA_pl_eq_temp": 435.0
    }
}