{
    "target": "TOI-2497",
    "planet_name": "TOI-2497 b",
    "from": "Transit (TESS)",
    "stellar": {
        "radius_Rsun": 2.49897,
        "mass_Msun": 1.428
    },
    "bls": {
        "period_days": 10.65570155701557,
        "t0": 2205.0984340982054,
        "depth": 0.0008927745485100101,
        "duration_days": 0.33
    },
    "physical": {
        "planet_radius_Rearth": 8.144466140234645,
        "semi_major_axis_AU": 0.10671655985452168
    },
    "NEA": {
        "NEA_pl_name": "TOI-2497 b",
        "NEA_st_host": "TOI-2497",
        "NEA_st_Teff": 7360.0,
        "NEA_st_rad": 2.36,
        "NEA_st_mass": 1.859,
        "NEA_ra": 90.0625878,
        "NEA_dec": 11.8840577,
        "NEA_period_day": 10.655669,
        "NEA_a_au": 0.1166,
        "NEA_a_au_err1": 0.0018,
        "NEA_a_au_err2": 0.0018,
        "NEA_pl_rad_e:": 11.14172682,
        "NEA_pl_rad_e_err1": 0.61649394,
        "NEA_pl_rad_e_err2": -0.54924005,
        "NEA_pl_mass": 1531.93292174,
        "NEA_ins_flux": NaN,
        "NEA_pl_eq_temp": 1595.0
    }
}