{
    "target": "TOI-4010",
    "planet_name": "TOI-4010 b",
    "from": "Transit (TESS)",
    "stellar": {
        "radius_Rsun": 0.880213,
        "mass_Msun": 0.799
    },
    "bls": {
        "period_days": 1.3536685366853667,
        "t0": 2718.841768203029,
        "depth": 0.0011390993879909067,
        "duration_days": 0.1
    },
    "physical": {
        "planet_radius_Rearth": 3.240404800929077,
        "planet_radius_err_Re": 0.22195740522319438,
        "semi_major_axis_AU": 0.02222242922068211,
        "a_err": 0.0008991814161090957,
        "snr": 22.95017030522936
    }
}