{
    "target": "TOI-2274",
    "planet_name": "TOI-2274 b",
    "from": "Transit (TESS)",
    "stellar": {
        "radius_Rsun": 0.63072,
        "mass_Msun": 0.612463
    },
    "bls": {
        "period_days": 16.20467704677047,
        "t0": 1692.0414409135665,
        "depth": 0.0007081410817509655,
        "duration_days": 0.33
    },
    "physical": {
        "planet_radius_Rearth": 1.8307421342647674,
        "semi_major_axis_AU": 0.10642767822514113
    },
    "NEA": {
        "NEA_pl_name": "TOI-2274 b",
        "NEA_st_host": "TOI-2274",
        "NEA_st_Teff": 3943.0,
        "NEA_st_rad": 0.631,
        "NEA_st_mass": 0.612,
        "NEA_ra": 277.459311,
        "NEA_dec": 40.5414117,
        "NEA_period_day": 2.67963,
        "NEA_a_au": 0.05,
        "NEA_a_au_err1": 0.0061,
        "NEA_a_au_err2": 0.0061,
        "NEA_pl_rad_e:": 2.45,
        "NEA_pl_rad_e_err1": 0.23,
        "NEA_pl_rad_e_err2": -0.13,
        "NEA_pl_mass": NaN,
        "NEA_ins_flux": NaN,
        "NEA_pl_eq_temp": 771.46
    }
}