{
    "target": "TOI-5322",
    "planet_name": "TOI-5322 b",
    "from": "Transit (TESS)",
    "stellar": {
        "radius_Rsun": 1.42713,
        "mass_Msun": 1.04
    },
    "bls": {
        "period_days": 5.423214232142321,
        "t0": 2856.315388551039,
        "depth": 0.010118396063001179,
        "duration_days": 0.2
    },
    "physical": {
        "planet_radius_Rearth": 15.65849623958871,
        "semi_major_axis_AU": 0.06120449734573058
    },
    "NEA": {
        "NEA_pl_name": "TOI-5322 b",
        "NEA_st_host": "TOI-5322",
        "NEA_st_Teff": 5692.0,
        "NEA_st_rad": 1.462,
        "NEA_st_mass": 0.998,
        "NEA_ra": 6.5293373,
        "NEA_dec": 14.3364283,
        "NEA_period_day": 5.4233207,
        "NEA_a_au": 0.0604,
        "NEA_a_au_err1": 0.001,
        "NEA_a_au_err2": 0.001,
        "NEA_pl_rad_e:": 16.6117094,
        "NEA_pl_rad_e_err1": 0.3474784,
        "NEA_pl_rad_e_err2": -0.30264248,
        "NEA_pl_mass": 184.02264765,
        "NEA_ins_flux": 554.0,
        "NEA_pl_eq_temp": 1350.0
    }
}