{
    "target": "TOI-4734",
    "planet_name": "TOI-4734 b",
    "from": "Transit (TESS)",
    "stellar": {
        "radius_Rsun": 1.75926,
        "mass_Msun": 1.06
    },
    "bls": {
        "period_days": 6.235397353973541,
        "t0": 3265.2108282841073,
        "depth": 0.0027207534536611636,
        "duration_days": 0.2
    },
    "physical": {
        "planet_radius_Rearth": 10.00933678264352,
        "semi_major_axis_AU": 0.06759985431996264
    },
    "NEA": {
        "NEA_pl_name": "TOI-4734 b",
        "NEA_st_host": "TOI-4734",
        "NEA_st_Teff": 6070.0,
        "NEA_st_rad": 1.857,
        "NEA_st_mass": 1.391,
        "NEA_ra": 90.3581219,
        "NEA_dec": 12.5478825,
        "NEA_period_day": 6.235633,
        "NEA_a_au": 0.074,
        "NEA_a_au_err1": 0.0013,
        "NEA_a_au_err2": 0.0013,
        "NEA_pl_rad_e:": 10.9175472,
        "NEA_pl_rad_e_err1": 0.28022452,
        "NEA_pl_rad_e_err2": -0.25780656,
        "NEA_pl_mass": 61.65871096,
        "NEA_ins_flux": 775.0,
        "NEA_pl_eq_temp": 1468.0
    }
}