{
    "target": "TOI-1075",
    "planet_name": "TOI-1075 b",
    "from": "Transit (TESS)",
    "stellar": {
        "radius_Rsun": 0.580337,
        "mass_Msun": 0.571742
    },
    "bls": {
        "period_days": 0.6037410374103741,
        "t0": 1654.2843363392158,
        "depth": 0.00043721840438110126,
        "duration_days": 0.05
    },
    "physical": {
        "planet_radius_Rearth": 1.3236103579337402,
        "semi_major_axis_AU": 0.011602944422371779
    },
    "NEA": {
        "NEA_pl_name": "TOI-1075 b",
        "NEA_st_host": "TOI-1075",
        "NEA_st_Teff": 3875.0,
        "NEA_st_rad": 0.581,
        "NEA_st_mass": 0.604,
        "NEA_ra": 309.9712091,
        "NEA_dec": -65.4496994,
        "NEA_period_day": 0.6047328,
        "NEA_a_au": 0.01159,
        "NEA_a_au_err1": 0.00023,
        "NEA_a_au_err2": 0.00023,
        "NEA_pl_rad_e:": 1.791,
        "NEA_pl_rad_e_err1": 0.116,
        "NEA_pl_rad_e_err2": -0.081,
        "NEA_pl_mass": 9.95,
        "NEA_ins_flux": 509.2,
        "NEA_pl_eq_temp": 1323.0
    }
}