{
    "target": "TOI-1248",
    "planet_name": "TOI-1248 b",
    "from": "Transit (TESS)",
    "stellar": {
        "radius_Rsun": 0.874131,
        "mass_Msun": 0.891
    },
    "bls": {
        "period_days": 4.360063600636007,
        "t0": 1687.143967381521,
        "depth": 0.003698100710769049,
        "duration_days": 0.1
    },
    "physical": {
        "planet_radius_Rearth": 5.798245085619604,
        "semi_major_axis_AU": 0.05025996320641386
    },
    "NEA": {
        "NEA_pl_name": "TOI-1248 b",
        "NEA_st_host": "TOI-1248",
        "NEA_st_Teff": 5205.0,
        "NEA_st_rad": 0.8686,
        "NEA_st_mass": 0.9042,
        "NEA_ra": 259.0235918,
        "NEA_dec": 63.1056072,
        "NEA_period_day": 4.3601561,
        "NEA_a_au": 0.051,
        "NEA_a_au_err1": 0.001,
        "NEA_a_au_err2": 0.001,
        "NEA_pl_rad_e:": 6.8084859,
        "NEA_pl_rad_e_err1": 0.116716,
        "NEA_pl_rad_e_err2": -0.12027714,
        "NEA_pl_mass": 27.4,
        "NEA_ins_flux": NaN,
        "NEA_pl_eq_temp": 952.09
    }
}