{
    "target": "TOI-1739",
    "planet_name": "TOI-1739 b",
    "from": "Transit (TESS)",
    "stellar": {
        "radius_Rsun": 0.780707,
        "mass_Msun": 0.78
    },
    "bls": {
        "period_days": 18.50979509795098,
        "t0": 1692.907180047533,
        "depth": 0.0005779143414396098,
        "duration_days": 0.33
    },
    "physical": {
        "planet_radius_Rearth": 2.047153878911906,
        "semi_major_axis_AU": 0.12605700671724404
    },
    "NEA": {
        "NEA_pl_name": "TOI-1739 b",
        "NEA_st_host": "TOI-1739",
        "NEA_st_Teff": 4922.0,
        "NEA_st_rad": 0.751,
        "NEA_st_mass": 0.79,
        "NEA_ra": 240.172481,
        "NEA_dec": 83.2586589,
        "NEA_period_day": 8.303342,
        "NEA_a_au": 0.0742,
        "NEA_a_au_err1": 0.0014,
        "NEA_a_au_err2": 0.0014,
        "NEA_pl_rad_e:": 1.695,
        "NEA_pl_rad_e_err1": 0.098,
        "NEA_pl_rad_e_err2": -0.085,
        "NEA_pl_mass": NaN,
        "NEA_ins_flux": 54.35,
        "NEA_pl_eq_temp": 755.55
    }
}