{
    "target": "TOI-4603",
    "planet_name": "TOI-4603 b",
    "from": "Transit (TESS)",
    "stellar": {
        "radius_Rsun": 2.68075,
        "mass_Msun": 1.176
    },
    "bls": {
        "period_days": 7.245702457024571,
        "t0": 2476.6557458644406,
        "depth": 0.0007540487569604226,
        "duration_days": 0.1
    },
    "physical": {
        "planet_radius_Rearth": 8.029466824948988,
        "semi_major_axis_AU": 0.07734943632929873
    },
    "NEA": {
        "NEA_pl_name": "TOI-4603 b",
        "NEA_st_host": "TOI-4603",
        "NEA_st_Teff": 6264.0,
        "NEA_st_rad": 2.738,
        "NEA_st_mass": 1.765,
        "NEA_ra": 83.8659288,
        "NEA_dec": 21.2942417,
        "NEA_period_day": 7.24599,
        "NEA_a_au": 0.0888,
        "NEA_a_au_err1": 0.001,
        "NEA_a_au_err2": 0.001,
        "NEA_pl_rad_e:": 11.67975789,
        "NEA_pl_rad_e_err1": 0.42594127,
        "NEA_pl_rad_e_err2": -0.39231432,
        "NEA_pl_mass": 4096.80816623,
        "NEA_ins_flux": 1192.0,
        "NEA_pl_eq_temp": 1677.0
    }
}