{
    "target": "TOI-1842",
    "planet_name": "TOI-1842 b",
    "from": "Transit (TESS)",
    "stellar": {
        "radius_Rsun": 2.04983,
        "mass_Msun": 1.153
    },
    "bls": {
        "period_days": 9.574025740257403,
        "t0": 1933.3329814013177,
        "depth": 0.002165619754868308,
        "duration_days": 0.15
    },
    "physical": {
        "planet_radius_Rearth": 10.404941105927,
        "semi_major_axis_AU": 0.09252814985348988
    },
    "NEA": {
        "NEA_pl_name": "TOI-1842 b",
        "NEA_st_host": "TOI-1842",
        "NEA_st_Teff": 6230.0,
        "NEA_st_rad": 2.02,
        "NEA_st_mass": 1.46,
        "NEA_ra": 201.9626552,
        "NEA_dec": 9.0306437,
        "NEA_period_day": 9.5739,
        "NEA_a_au": 0.1001,
        "NEA_a_au_err1": 0.0007,
        "NEA_a_au_err2": 0.0007,
        "NEA_pl_rad_e:": 11.65733993,
        "NEA_pl_rad_e_err1": 0.67253884,
        "NEA_pl_rad_e_err2": -0.56044903,
        "NEA_pl_mass": 68.0152791,
        "NEA_ins_flux": NaN,
        "NEA_pl_eq_temp": 1199.55
    }
}