{
    "target": "TOI-5143",
    "planet_name": "TOI-5143 c",
    "from": "Transit (TESS)",
    "stellar": {
        "radius_Rsun": 0.85412,
        "mass_Msun": 0.91
    },
    "bls": {
        "period_days": 5.209687096870969,
        "t0": 2527.242757754423,
        "depth": 0.0076548967851123376,
        "duration_days": 0.05
    },
    "physical": {
        "planet_radius_Rearth": 8.151156663458378,
        "semi_major_axis_AU": 0.05699314276403774
    },
    "NEA": {
        "NEA_pl_name": "TOI-5143 c",
        "NEA_st_host": "TOI-5143",
        "NEA_st_Teff": 5183.0,
        "NEA_st_rad": 0.852,
        "NEA_st_mass": 0.864,
        "NEA_ra": 165.3651202,
        "NEA_dec": 5.1394812,
        "NEA_period_day": 5.2097118,
        "NEA_a_au": 0.05602,
        "NEA_a_au_err1": 0.00082,
        "NEA_a_au_err2": 0.00082,
        "NEA_pl_rad_e:": 16.25302201,
        "NEA_pl_rad_e_err1": 2.01761653,
        "NEA_pl_rad_e_err2": -1.34507768,
        "NEA_pl_mass": NaN,
        "NEA_ins_flux": NaN,
        "NEA_pl_eq_temp": NaN
    }
}