{
    "target": "TOI-558",
    "planet_name": "TOI-558 b",
    "from": "Transit (TESS)",
    "stellar": {
        "radius_Rsun": 1.76095,
        "mass_Msun": 1.12
    },
    "bls": {
        "period_days": 14.574070740707407,
        "t0": 2089.681905541267,
        "depth": 0.002835652038141438,
        "duration_days": 0.1
    },
    "physical": {
        "planet_radius_Rearth": 10.228316848676881,
        "semi_major_axis_AU": 0.12126281294909681
    },
    "NEA": {
        "NEA_pl_name": "TOI-558 b",
        "NEA_st_host": "TOI-558",
        "NEA_st_Teff": 6466.0,
        "NEA_st_rad": 1.496,
        "NEA_st_mass": 1.349,
        "NEA_ra": 42.2915093,
        "NEA_dec": -58.0246828,
        "NEA_period_day": 14.574071,
        "NEA_a_au": 0.1291,
        "NEA_a_au_err1": 0.002,
        "NEA_a_au_err2": 0.002,
        "NEA_pl_rad_e:": 12.17295304,
        "NEA_pl_rad_e_err1": 0.45956821,
        "NEA_pl_rad_e_err2": -0.42594127,
        "NEA_pl_mass": 1147.36054927,
        "NEA_ins_flux": NaN,
        "NEA_pl_eq_temp": 1061.0
    }
}