{
    "target": "TOI-4527",
    "planet_name": "TOI-4527.01",
    "from": "Transit (TESS)",
    "stellar": {
        "radius_Rsun": 0.485948,
        "mass_Msun": 0.483997
    },
    "bls": {
        "period_days": 12.683136831368314,
        "t0": 2460.209633665724,
        "depth": 0.0011833617021475833,
        "duration_days": 0.1
    },
    "physical": {
        "planet_radius_Rearth": 1.8233885915810641,
        "semi_major_axis_AU": 0.08356666242183786
    },
    "NEA": {
        "NEA_pl_name": "TOI-4527.01",
        "NEA_st_host": "TOI-4527",
        "NEA_st_Teff": 3702.0,
        "NEA_st_rad": 0.485948,
        "NEA_st_mass": 0.483901,
        "NEA_ra": 19.4722574,
        "NEA_dec": 5.4711996,
        "NEA_period_day": 0.3994445,
        "NEA_a_au": 0.008332353,
        "NEA_a_au_err1": NaN,
        "NEA_a_au_err2": NaN,
        "NEA_pl_rad_e:": 0.9086617,
        "NEA_pl_rad_e_err1": 0.953413,
        "NEA_pl_rad_e_err2": -0.953413,
        "NEA_pl_mass": NaN,
        "NEA_ins_flux": 571.5072,
        "NEA_pl_eq_temp": 1362.93
    }
}