{
    "target": "TOI-3071",
    "planet_name": "TOI-3071 b",
    "from": "Transit (TESS)",
    "stellar": {
        "radius_Rsun": 1.35787,
        "mass_Msun": 1.23
    },
    "bls": {
        "period_days": 1.2669426694266943,
        "t0": 3041.4579330032348,
        "depth": 0.0024386278963676607,
        "duration_days": 0.1
    },
    "physical": {
        "planet_radius_Rearth": 7.314112590249562,
        "semi_major_axis_AU": 0.02455127558321419
    },
    "NEA": {
        "NEA_pl_name": "TOI-3071 b",
        "NEA_st_host": "TOI-3071",
        "NEA_st_Teff": 6177.0,
        "NEA_st_rad": 1.31,
        "NEA_st_mass": 1.29,
        "NEA_ra": 173.2790517,
        "NEA_dec": -56.5033871,
        "NEA_period_day": 1.266938,
        "NEA_a_au": 0.0249,
        "NEA_a_au_err1": 0.0001,
        "NEA_a_au_err2": 0.0001,
        "NEA_pl_rad_e:": 7.16,
        "NEA_pl_rad_e_err1": 0.57,
        "NEA_pl_rad_e_err2": -0.51,
        "NEA_pl_mass": 68.2,
        "NEA_ins_flux": NaN,
        "NEA_pl_eq_temp": 2155.0
    }
}