{
    "target": "TOI-4010",
    "planet_name": "TOI-4010 c",
    "from": "Transit (TESS)",
    "stellar": {
        "radius_Rsun": 0.880213,
        "mass_Msun": 0.799
    },
    "bls": {
        "period_days": 5.414634146341464,
        "t0": 2720.201768203029,
        "depth": 0.003896388601521826,
        "duration_days": 0.1
    },
    "physical": {
        "planet_radius_Rearth": 5.993073303943854,
        "semi_major_axis_AU": 0.05599673692772894
    },
    "NEA": {
        "NEA_pl_name": "TOI-4010 c",
        "NEA_st_host": "TOI-4010",
        "NEA_st_Teff": 4960.0,
        "NEA_st_rad": 0.83,
        "NEA_st_mass": 0.88,
        "NEA_ra": 20.2148196,
        "NEA_dec": 66.0722009,
        "NEA_period_day": 5.414654,
        "NEA_a_au": 0.058,
        "NEA_a_au_err1": 0.001,
        "NEA_a_au_err2": 0.001,
        "NEA_pl_rad_e:": 5.93,
        "NEA_pl_rad_e_err1": 0.11,
        "NEA_pl_rad_e_err2": -0.12,
        "NEA_pl_mass": 20.31,
        "NEA_ins_flux": 112.0,
        "NEA_pl_eq_temp": 907.0
    }
}