{
    "target": "TOI-1181",
    "planet_name": "TOI-1181 b",
    "from": "Transit (TESS)",
    "stellar": {
        "radius_Rsun": 1.92663,
        "mass_Msun": 1.16
    },
    "bls": {
        "period_days": 2.1033060330603304,
        "t0": 1957.744412900681,
        "depth": 0.0014521042509866985,
        "duration_days": 0.15
    },
    "physical": {
        "planet_radius_Rearth": 8.008070653056906,
        "semi_major_axis_AU": 0.03375634033338311
    },
    "NEA": {
        "NEA_pl_name": "TOI-1181 b",
        "NEA_st_host": "TOI-1181",
        "NEA_st_Teff": 5990.0,
        "NEA_st_rad": 1.75,
        "NEA_st_mass": 1.19,
        "NEA_ra": 297.2158166,
        "NEA_dec": 64.3543506,
        "NEA_period_day": 2.103195,
        "NEA_a_au": 0.0364,
        "NEA_a_au_err1": NaN,
        "NEA_a_au_err2": NaN,
        "NEA_pl_rad_e:": 14.57167491,
        "NEA_pl_rad_e_err1": 0.89671846,
        "NEA_pl_rad_e_err2": -0.89671846,
        "NEA_pl_mass": 375.03752026,
        "NEA_ins_flux": NaN,
        "NEA_pl_eq_temp": 1942.12
    }
}