{
    "target": "TOI-3919",
    "planet_name": "TOI-3919 b",
    "from": "Transit (TESS)",
    "stellar": {
        "radius_Rsun": 1.31854,
        "mass_Msun": 1.2
    },
    "bls": {
        "period_days": 7.43329433294333,
        "t0": 2645.65864367344,
        "depth": 0.005754496216274246,
        "duration_days": 0.1
    },
    "physical": {
        "planet_radius_Rearth": 10.910072661266561,
        "semi_major_axis_AU": 0.07921042628572153
    },
    "NEA": {
        "NEA_pl_name": "TOI-3919 b",
        "NEA_st_host": "TOI-3919",
        "NEA_st_Teff": 6100.0,
        "NEA_st_rad": 1.319,
        "NEA_st_mass": 1.208,
        "NEA_ra": 208.9447534,
        "NEA_dec": 40.3918061,
        "NEA_period_day": 7.433234,
        "NEA_a_au": 0.0795,
        "NEA_a_au_err1": 0.0014,
        "NEA_a_au_err2": 0.0014,
        "NEA_pl_rad_e:": 12.31866979,
        "NEA_pl_rad_e_err1": 0.582867,
        "NEA_pl_rad_e_err2": -0.56044903,
        "NEA_pl_mass": 1233.17421916,
        "NEA_ins_flux": NaN,
        "NEA_pl_eq_temp": 1198.0
    }
}