{
    "target": "TOI-2421",
    "planet_name": "TOI-2421 b",
    "from": "Transit (TESS)",
    "stellar": {
        "radius_Rsun": 1.79106,
        "mass_Msun": 0.99
    },
    "bls": {
        "period_days": 4.346998469984699,
        "t0": 3939.4370324383544,
        "depth": 0.0015353090240697853,
        "duration_days": 0.2
    },
    "physical": {
        "planet_radius_Rearth": 7.654885788385517,
        "semi_major_axis_AU": 0.051952418746697045
    },
    "NEA": {
        "NEA_pl_name": "TOI-2421 b",
        "NEA_st_host": "TOI-2421",
        "NEA_st_Teff": 5607.0,
        "NEA_st_rad": 1.75,
        "NEA_st_mass": 1.131,
        "NEA_ra": 33.1540208,
        "NEA_dec": -35.3909182,
        "NEA_period_day": 4.3474032,
        "NEA_a_au": 0.0543,
        "NEA_a_au_err1": 0.0021,
        "NEA_a_au_err2": 0.0021,
        "NEA_pl_rad_e:": 10.36830715,
        "NEA_pl_rad_e_err1": 0.39231432,
        "NEA_pl_rad_e_err2": -0.38110534,
        "NEA_pl_mass": 105.83685953,
        "NEA_ins_flux": 923.6,
        "NEA_pl_eq_temp": 1534.0
    }
}