{
    "target": "TOI-1853",
    "planet_name": "TOI-1853 b",
    "from": "Transit (TESS)",
    "stellar": {
        "radius_Rsun": 0.839658,
        "mass_Msun": 0.82
    },
    "bls": {
        "period_days": 1.243737437374374,
        "t0": 2665.8664354596526,
        "depth": 0.0017032708184597186,
        "duration_days": 0.05
    },
    "physical": {
        "planet_radius_Rearth": 3.7798534531106243,
        "semi_major_axis_AU": 0.021184821264759155
    },
    "NEA": {
        "NEA_pl_name": "TOI-1853 b",
        "NEA_st_host": "TOI-1853",
        "NEA_st_Teff": 4985.0,
        "NEA_st_rad": 0.808,
        "NEA_st_mass": 0.837,
        "NEA_ra": 211.4593468,
        "NEA_dec": 16.9923703,
        "NEA_period_day": 1.2436258,
        "NEA_a_au": 0.0213,
        "NEA_a_au_err1": 0.0005,
        "NEA_a_au_err2": 0.0005,
        "NEA_pl_rad_e:": 3.46,
        "NEA_pl_rad_e_err1": 0.08,
        "NEA_pl_rad_e_err2": -0.08,
        "NEA_pl_mass": 73.2,
        "NEA_ins_flux": NaN,
        "NEA_pl_eq_temp": 1479.0
    }
}