{
    "target": "TOI-3486",
    "planet_name": "TOI-3486 b",
    "from": "Transit (TESS)",
    "stellar": {
        "radius_Rsun": 0.808106,
        "mass_Msun": 0.79
    },
    "bls": {
        "period_days": 2.2177721777217774,
        "t0": 3098.8638014938506,
        "depth": 0.012230963725630461,
        "duration_days": 0.05
    },
    "physical": {
        "planet_radius_Rearth": 9.748310407890557,
        "semi_major_axis_AU": 0.030767204138805435
    },
    "NEA": {
        "NEA_pl_name": "TOI-3486 b",
        "NEA_st_host": "TOI-3486",
        "NEA_st_Teff": 4930.0,
        "NEA_st_rad": 0.788,
        "NEA_st_mass": 0.837,
        "NEA_ra": 249.4432035,
        "NEA_dec": -59.3051077,
        "NEA_period_day": 2.21778105,
        "NEA_a_au": 0.03138,
        "NEA_a_au_err1": 0.00046,
        "NEA_a_au_err2": 0.00046,
        "NEA_pl_rad_e:": 10.5700688,
        "NEA_pl_rad_e_err1": 0.33626942,
        "NEA_pl_rad_e_err2": -0.32506044,
        "NEA_pl_mass": 99.16246298,
        "NEA_ins_flux": 334.0,
        "NEA_pl_eq_temp": 1190.0
    }
}