{
    "target": "TOI-283",
    "planet_name": "TOI-283 b",
    "from": "Transit (TESS)",
    "stellar": {
        "radius_Rsun": 0.811062,
        "mass_Msun": 0.9
    },
    "bls": {
        "period_days": 17.617466174661747,
        "t0": 1333.4752298661563,
        "depth": 0.00047807585933226475,
        "duration_days": 0.15
    },
    "physical": {
        "planet_radius_Rearth": 1.9343414610352556,
        "semi_major_axis_AU": 0.12793150708263817
    },
    "NEA": {
        "NEA_pl_name": "TOI-283 b",
        "NEA_st_host": "TOI-283",
        "NEA_st_Teff": 5213.0,
        "NEA_st_rad": 0.85,
        "NEA_st_mass": 0.8,
        "NEA_ra": 118.5693065,
        "NEA_dec": -65.441482,
        "NEA_period_day": 17.61745,
        "NEA_a_au": 0.123,
        "NEA_a_au_err1": 0.004,
        "NEA_a_au_err2": 0.004,
        "NEA_pl_rad_e:": 2.34,
        "NEA_pl_rad_e_err1": 0.09,
        "NEA_pl_rad_e_err2": -0.09,
        "NEA_pl_mass": 6.54,
        "NEA_ins_flux": 30.4,
        "NEA_pl_eq_temp": 661.0
    }
}