{
    "target": "TOI-2427",
    "planet_name": "TOI-2427 b",
    "from": "Transit (TESS)",
    "stellar": {
        "radius_Rsun": 0.678916,
        "mass_Msun": 0.64
    },
    "bls": {
        "period_days": 1.3059430594305943,
        "t0": 2144.7986006619863,
        "depth": 0.0003912352138091444,
        "duration_days": 0.05
    },
    "physical": {
        "planet_radius_Rearth": 1.4647573694783658,
        "semi_major_axis_AU": 0.020150099783909612
    },
    "NEA": {
        "NEA_pl_name": "TOI-2427 b",
        "NEA_st_host": "TOI-2427",
        "NEA_st_Teff": 4072.0,
        "NEA_st_rad": 0.65,
        "NEA_st_mass": 0.64,
        "NEA_ra": 52.2917315,
        "NEA_dec": -31.3628665,
        "NEA_period_day": 1.3060011,
        "NEA_a_au": 0.0202,
        "NEA_a_au_err1": 0.0002,
        "NEA_a_au_err2": 0.0002,
        "NEA_pl_rad_e:": 1.8,
        "NEA_pl_rad_e_err1": 0.12,
        "NEA_pl_rad_e_err2": -0.12,
        "NEA_pl_mass": NaN,
        "NEA_ins_flux": NaN,
        "NEA_pl_eq_temp": 1117.0
    }
}