{
    "target": "TOI-5726",
    "planet_name": "TOI-5726.01",
    "from": "Transit (TESS)",
    "stellar": {
        "radius_Rsun": 1.10649,
        "mass_Msun": 1.064
    },
    "bls": {
        "period_days": 5.4910749107491075,
        "t0": 1843.6076240665604,
        "depth": 0.0003317906295324405,
        "duration_days": 0.1
    },
    "physical": {
        "planet_radius_Rearth": 2.198417795076449,
        "semi_major_axis_AU": 0.06218512386184983
    },
    "NEA": {
        "NEA_pl_name": "TOI-5726.01",
        "NEA_st_host": "TOI-5726",
        "NEA_st_Teff": 5874.0,
        "NEA_st_rad": 1.106,
        "NEA_st_mass": 1.06,
        "NEA_ra": 123.3950504,
        "NEA_dec": 68.5745899,
        "NEA_period_day": 5.491125215,
        "NEA_a_au": 0.062186,
        "NEA_a_au_err1": 0.002454,
        "NEA_a_au_err2": 0.002454,
        "NEA_pl_rad_e:": 2.554,
        "NEA_pl_rad_e_err1": 0.28,
        "NEA_pl_rad_e_err2": -0.177,
        "NEA_pl_mass": NaN,
        "NEA_ins_flux": 338.95,
        "NEA_pl_eq_temp": NaN
    }
}