{
    "target": "TOI-2107",
    "planet_name": "TOI-2107 b",
    "from": "Transit (TESS)",
    "stellar": {
        "radius_Rsun": 0.971289,
        "mass_Msun": 0.98
    },
    "bls": {
        "period_days": 2.4545045450454506,
        "t0": 3127.3669179170643,
        "depth": 0.015280089363960043,
        "duration_days": 0.1
    },
    "physical": {
        "planet_radius_Rearth": 13.096103438067436,
        "semi_major_axis_AU": 0.03537140419384567
    },
    "NEA": {
        "NEA_pl_name": "TOI-2107 b",
        "NEA_st_host": "TOI-2107",
        "NEA_st_Teff": 5627.0,
        "NEA_st_rad": 0.932,
        "NEA_st_mass": 0.961,
        "NEA_ra": 286.7965405,
        "NEA_dec": -58.6968348,
        "NEA_period_day": 2.4545467,
        "NEA_a_au": 0.03515,
        "NEA_a_au_err1": 0.00059,
        "NEA_a_au_err2": 0.00059,
        "NEA_pl_rad_e:": 13.57407563,
        "NEA_pl_rad_e_err1": 0.39231432,
        "NEA_pl_rad_e_err2": -0.35868738,
        "NEA_pl_mass": 263.79757781,
        "NEA_ins_flux": NaN,
        "NEA_pl_eq_temp": 1397.0
    }
}