{
    "target": "TOI-2406",
    "planet_name": "TOI-2406 b",
    "from": "Transit (TESS)",
    "stellar": {
        "radius_Rsun": 0.1966,
        "mass_Msun": 0.165654
    },
    "bls": {
        "period_days": 3.0767557675576755,
        "t0": 2115.96635514842,
        "depth": 0.014057494096518904,
        "duration_days": 0.05
    },
    "physical": {
        "planet_radius_Rearth": 2.542542069782547,
        "semi_major_axis_AU": 0.02273685401442518
    },
    "NEA": {
        "NEA_pl_name": "TOI-2406 b",
        "NEA_st_host": "TOI-2406",
        "NEA_st_Teff": 3100.0,
        "NEA_st_rad": 0.204,
        "NEA_st_mass": 0.166,
        "NEA_ra": 8.8060544,
        "NEA_dec": -3.3720833,
        "NEA_period_day": 3.0766891,
        "NEA_a_au": 0.02267,
        "NEA_a_au_err1": 0.00071,
        "NEA_a_au_err2": 0.00071,
        "NEA_pl_rad_e:": 2.86,
        "NEA_pl_rad_e_err1": 0.063,
        "NEA_pl_rad_e_err2": -0.069,
        "NEA_pl_mass": 15.6,
        "NEA_ins_flux": 6.69,
        "NEA_pl_eq_temp": 449.0
    }
}