{
    "target": "TOI-277",
    "planet_name": "TOI-277 b",
    "from": "Transit (TESS)",
    "stellar": {
        "radius_Rsun": 0.523113,
        "mass_Msun": 0.520428
    },
    "bls": {
        "period_days": 3.993459934599346,
        "t0": 1389.0211085847843,
        "depth": 0.004815255473156887,
        "duration_days": 0.05
    },
    "physical": {
        "planet_radius_Rearth": 3.959459079353619,
        "semi_major_axis_AU": 0.0396236204172275
    },
    "NEA": {
        "NEA_pl_name": "TOI-277 b",
        "NEA_st_host": "TOI-277",
        "NEA_st_Teff": 4031.0,
        "NEA_st_rad": 0.362,
        "NEA_st_mass": 0.16,
        "NEA_ra": 19.0766985,
        "NEA_dec": -20.9532772,
        "NEA_period_day": 3.994,
        "NEA_a_au": 0.0269,
        "NEA_a_au_err1": 0.0011,
        "NEA_a_au_err2": 0.0011,
        "NEA_pl_rad_e:": 2.65,
        "NEA_pl_rad_e_err1": 0.18,
        "NEA_pl_rad_e_err2": -0.18,
        "NEA_pl_mass": NaN,
        "NEA_ins_flux": NaN,
        "NEA_pl_eq_temp": NaN
    }
}