{
    "target": "TOI-2207",
    "planet_name": "TOI-2207 b",
    "from": "Transit (TESS)",
    "stellar": {
        "radius_Rsun": 1.55738,
        "mass_Msun": 1.17
    },
    "bls": {
        "period_days": 8.001920019200192,
        "t0": 2043.7788491218043,
        "depth": 0.00428535605015345,
        "duration_days": 0.15
    },
    "physical": {
        "planet_radius_Rearth": 11.120356955783269,
        "semi_major_axis_AU": 0.08250098620827317
    },
    "NEA": {
        "NEA_pl_name": "TOI-2207 b",
        "NEA_st_host": "TOI-2207",
        "NEA_st_Teff": 6101.0,
        "NEA_st_rad": 1.564,
        "NEA_st_mass": 1.296,
        "NEA_ra": 307.5966925,
        "NEA_dec": -44.8876181,
        "NEA_period_day": 8.001968,
        "NEA_a_au": 0.0854,
        "NEA_a_au_err1": 0.0015,
        "NEA_a_au_err2": 0.0015,
        "NEA_pl_rad_e:": 11.1529358,
        "NEA_pl_rad_e_err1": 0.31385146,
        "NEA_pl_rad_e_err2": -0.30264248,
        "NEA_pl_mass": 203.41018048,
        "NEA_ins_flux": 406.0,
        "NEA_pl_eq_temp": 1259.0
    }
}