{
    "target": "TOI-6016",
    "planet_name": "TOI-6016 b",
    "from": "Transit (TESS)",
    "stellar": {
        "radius_Rsun": 1.57165,
        "mass_Msun": 1.044
    },
    "bls": {
        "period_days": 4.023685236852369,
        "t0": 2853.647923353687,
        "depth": 0.0063376838892159155,
        "duration_days": 0.15
    },
    "physical": {
        "planet_radius_Rearth": 13.647459147414944,
        "semi_major_axis_AU": 0.05022468419399837
    },
    "NEA": {
        "NEA_pl_name": "TOI-6016 b",
        "NEA_st_host": "TOI-6016",
        "NEA_st_Teff": 6110.0,
        "NEA_st_rad": 1.51,
        "NEA_st_mass": 1.31,
        "NEA_ra": 4.5239602,
        "NEA_dec": 59.7661983,
        "NEA_period_day": 4.023687,
        "NEA_a_au": 0.055,
        "NEA_a_au_err1": 0.002,
        "NEA_a_au_err2": 0.002,
        "NEA_pl_rad_e:": 13.67495645,
        "NEA_pl_rad_e_err1": 0.33626942,
        "NEA_pl_rad_e_err2": -0.33626942,
        "NEA_pl_mass": 371.85923619,
        "NEA_ins_flux": 940.0,
        "NEA_pl_eq_temp": 1890.0
    }
}