{
    "target": "TOI-1820",
    "planet_name": "TOI-1820 b",
    "from": "Transit (TESS)",
    "stellar": {
        "radius_Rsun": 1.40032,
        "mass_Msun": 1.036
    },
    "bls": {
        "period_days": 4.862193621936219,
        "t0": 2641.884239883649,
        "depth": 0.0036236590185219878,
        "duration_days": 0.1
    },
    "physical": {
        "planet_radius_Rearth": 9.194574436959812,
        "semi_major_axis_AU": 0.0568341191439895
    },
    "NEA": {
        "NEA_pl_name": "TOI-1820 b",
        "NEA_st_host": "TOI-1820",
        "NEA_st_Teff": 5734.0,
        "NEA_st_rad": 1.51,
        "NEA_st_mass": 1.04,
        "NEA_ra": 187.6867207,
        "NEA_dec": 27.4520016,
        "NEA_period_day": 4.860674,
        "NEA_a_au": 0.061,
        "NEA_a_au_err1": 0.003,
        "NEA_a_au_err2": 0.003,
        "NEA_pl_rad_e:": 12.778238,
        "NEA_pl_rad_e_err1": 0.22417961,
        "NEA_pl_rad_e_err2": -0.22417961,
        "NEA_pl_mass": 731.0053361,
        "NEA_ins_flux": NaN,
        "NEA_pl_eq_temp": 1375.0
    }
}