{
    "target": "TOI-2524",
    "planet_name": "TOI-2524 b",
    "from": "Transit (TESS)",
    "stellar": {
        "radius_Rsun": 1.18729,
        "mass_Msun": 1.03
    },
    "bls": {
        "period_days": 7.1858368583685825,
        "t0": 2527.427936179461,
        "depth": 0.00979354797273897,
        "duration_days": 0.15
    },
    "physical": {
        "planet_radius_Rearth": 12.816148080737175,
        "semi_major_axis_AU": 0.073597832733821
    },
    "NEA": {
        "NEA_pl_name": "TOI-2524 b",
        "NEA_st_host": "TOI-2524",
        "NEA_st_Teff": 5831.0,
        "NEA_st_rad": 1.119,
        "NEA_st_mass": 1.007,
        "NEA_ra": 160.8868435,
        "NEA_dec": -1.9126984,
        "NEA_period_day": 7.18585,
        "NEA_a_au": 0.073,
        "NEA_a_au_err1": 0.0007,
        "NEA_a_au_err2": 0.0007,
        "NEA_pl_rad_e:": 11.2089807,
        "NEA_pl_rad_e_err1": 0.22417961,
        "NEA_pl_rad_e_err2": -0.33626942,
        "NEA_pl_mass": 203.41018048,
        "NEA_ins_flux": NaN,
        "NEA_pl_eq_temp": 1100.0
    }
}