{
    "target": "TOI-1799",
    "planet_name": "TOI-1799 b",
    "from": "Transit (TESS)",
    "stellar": {
        "radius_Rsun": 0.956941,
        "mass_Msun": 1.01
    },
    "bls": {
        "period_days": 7.0858008580085805,
        "t0": 1904.8286724119223,
        "depth": 0.00013073365135294698,
        "duration_days": 0.1
    },
    "physical": {
        "planet_radius_Rearth": 1.1934645872368594,
        "semi_major_axis_AU": 0.07243816968856746
    },
    "NEA": {
        "NEA_pl_name": "TOI-1799 b",
        "NEA_st_host": "TOI-1799",
        "NEA_st_Teff": 5690.0,
        "NEA_st_rad": 0.957,
        "NEA_st_mass": 1.01,
        "NEA_ra": 167.2329152,
        "NEA_dec": 34.3030149,
        "NEA_period_day": 7.094570865,
        "NEA_a_au": 0.072502,
        "NEA_a_au_err1": 0.002987,
        "NEA_a_au_err2": 0.002987,
        "NEA_pl_rad_e:": 1.642,
        "NEA_pl_rad_e_err1": 0.227,
        "NEA_pl_rad_e_err2": -0.168,
        "NEA_pl_mass": NaN,
        "NEA_ins_flux": 164.26,
        "NEA_pl_eq_temp": 922.72
    }
}