{
    "target": "TOI-532",
    "planet_name": "TOI-532 b",
    "from": "Transit (TESS)",
    "stellar": {
        "radius_Rsun": 0.623609,
        "mass_Msun": 0.606938
    },
    "bls": {
        "period_days": 2.3265832658326584,
        "t0": 1468.2960820463572,
        "depth": 0.005425627952750592,
        "duration_days": 0.05
    },
    "physical": {
        "planet_radius_Rearth": 5.010349928655023,
        "semi_major_axis_AU": 0.02909342772026283
    },
    "NEA": {
        "NEA_pl_name": "TOI-532 b",
        "NEA_st_host": "TOI-532",
        "NEA_st_Teff": 3927.0,
        "NEA_st_rad": 0.612,
        "NEA_st_mass": 0.639,
        "NEA_ra": 85.0800537,
        "NEA_dec": 11.5626373,
        "NEA_period_day": 2.3266508,
        "NEA_a_au": 0.0296,
        "NEA_a_au_err1": 0.00035,
        "NEA_a_au_err2": 0.00035,
        "NEA_pl_rad_e:": 5.82,
        "NEA_pl_rad_e_err1": 0.19,
        "NEA_pl_rad_e_err2": -0.19,
        "NEA_pl_mass": 61.5,
        "NEA_ins_flux": 94.1,
        "NEA_pl_eq_temp": 867.0
    }
}