{
    "target": "TOI-4559",
    "planet_name": "TOI-4559 b",
    "from": "Transit (TESS)",
    "stellar": {
        "radius_Rsun": 0.426767,
        "mass_Msun": 0.421338
    },
    "bls": {
        "period_days": 3.964989649896499,
        "t0": 1601.8197613459415,
        "depth": 0.0009888511248852877,
        "duration_days": 0.05
    },
    "physical": {
        "planet_radius_Rearth": 1.4638176022102443,
        "semi_major_axis_AU": 0.03675411449020738
    },
    "NEA": {
        "NEA_pl_name": "TOI-4559 b",
        "NEA_st_host": "TOI-4559",
        "NEA_st_Teff": 3558.0,
        "NEA_st_rad": 0.374,
        "NEA_st_mass": 0.392,
        "NEA_ra": 211.0135378,
        "NEA_dec": -30.0141252,
        "NEA_period_day": 3.965991,
        "NEA_a_au": 0.0359,
        "NEA_a_au_err1": 0.0008,
        "NEA_a_au_err2": 0.0008,
        "NEA_pl_rad_e:": 1.415,
        "NEA_pl_rad_e_err1": 0.126,
        "NEA_pl_rad_e_err2": -0.112,
        "NEA_pl_mass": NaN,
        "NEA_ins_flux": 15.77,
        "NEA_pl_eq_temp": 554.16
    }
}