{
    "target": "TOI-3362",
    "planet_name": "TOI-3362 b",
    "from": "Transit (TESS)",
    "stellar": {
        "radius_Rsun": 1.79629,
        "mass_Msun": 1.38
    },
    "bls": {
        "period_days": 18.095220952209523,
        "t0": 3031.2463023462624,
        "depth": 0.004292852838814303,
        "duration_days": 0.1
    },
    "physical": {
        "planet_radius_Rearth": 12.837490400902784,
        "semi_major_axis_AU": 0.15017697004596048
    },
    "NEA": {
        "NEA_pl_name": "TOI-3362 b",
        "NEA_st_host": "TOI-3362",
        "NEA_st_Teff": 6532.0,
        "NEA_st_rad": 1.83,
        "NEA_st_mass": 1.445,
        "NEA_ra": 155.9841428,
        "NEA_dec": -56.8431169,
        "NEA_period_day": 18.09547,
        "NEA_a_au": 0.153,
        "NEA_a_au_err1": 0.002,
        "NEA_a_au_err2": 0.002,
        "NEA_pl_rad_e:": 12.80065596,
        "NEA_pl_rad_e_err1": 0.48198617,
        "NEA_pl_rad_e_err2": -0.45956821,
        "NEA_pl_mass": 1598.3590588,
        "NEA_ins_flux": NaN,
        "NEA_pl_eq_temp": NaN
    }
}