{
    "target": "TOI-1420",
    "planet_name": "TOI-1420 b",
    "from": "Transit (TESS)",
    "stellar": {
        "radius_Rsun": 0.940037,
        "mass_Msun": 0.935
    },
    "bls": {
        "period_days": 6.9561245612456135,
        "t0": 1745.3041761840148,
        "depth": 0.003351510513731659,
        "duration_days": 0.15
    },
    "physical": {
        "planet_radius_Rearth": 5.936027717258146,
        "semi_major_axis_AU": 0.06973484165829173
    },
    "NEA": {
        "NEA_pl_name": "TOI-1420 b",
        "NEA_st_host": "TOI-1420",
        "NEA_st_Teff": 5510.0,
        "NEA_st_rad": 0.923,
        "NEA_st_mass": 0.987,
        "NEA_ra": 322.9418092,
        "NEA_dec": 66.3490054,
        "NEA_period_day": 6.9561063,
        "NEA_a_au": 0.071,
        "NEA_a_au_err1": 0.0012,
        "NEA_a_au_err2": 0.0012,
        "NEA_pl_rad_e:": 11.89,
        "NEA_pl_rad_e_err1": 0.33,
        "NEA_pl_rad_e_err2": -0.33,
        "NEA_pl_mass": 25.1,
        "NEA_ins_flux": 139.0,
        "NEA_pl_eq_temp": 957.0
    }
}