{
    "target": "TOI-6303",
    "planet_name": "TOI-6303 b",
    "from": "Transit (TESS)",
    "stellar": {
        "radius_Rsun": 0.627514,
        "mass_Msun": 0.60998
    },
    "bls": {
        "period_days": 9.484519845198452,
        "t0": 3612.4052609221035,
        "depth": 0.023017549727131777,
        "duration_days": 0.1
    },
    "physical": {
        "planet_radius_Rearth": 10.38445344739486,
        "semi_major_axis_AU": 0.0743674939788606
    },
    "NEA": {
        "NEA_pl_name": "TOI-6303 b",
        "NEA_st_host": "TOI-6303",
        "NEA_st_Teff": 3977.0,
        "NEA_st_rad": 0.609,
        "NEA_st_mass": 0.644,
        "NEA_ra": 46.7806502,
        "NEA_dec": 40.147174,
        "NEA_period_day": 9.485236,
        "NEA_a_au": 0.0761,
        "NEA_a_au_err1": 0.001,
        "NEA_a_au_err2": 0.001,
        "NEA_pl_rad_e:": 11.59,
        "NEA_pl_rad_e_err1": 0.61,
        "NEA_pl_rad_e_err2": -0.64,
        "NEA_pl_mass": 2493.0,
        "NEA_ins_flux": 14.28,
        "NEA_pl_eq_temp": 541.0
    }
}