{
    "target": "TOI-257",
    "planet_name": "TOI-257 b",
    "from": "Transit (TESS)",
    "stellar": {
        "radius_Rsun": 1.76557,
        "mass_Msun": 1.28
    },
    "bls": {
        "period_days": 18.387723877238773,
        "t0": 1404.1434693705403,
        "depth": 0.00023299505083046609,
        "duration_days": 0.25
    },
    "physical": {
        "planet_radius_Rearth": 2.9396049369838546,
        "semi_major_axis_AU": 0.14803225478233317
    },
    "NEA": {
        "NEA_pl_name": "TOI-257 b",
        "NEA_st_host": "TOI-257",
        "NEA_st_Teff": 6095.0,
        "NEA_st_rad": 1.867,
        "NEA_st_mass": 1.407,
        "NEA_ra": 47.5172608,
        "NEA_dec": -50.8322632,
        "NEA_period_day": 18.387686,
        "NEA_a_au": 0.15280000000000002,
        "NEA_a_au_err1": NaN,
        "NEA_a_au_err2": NaN,
        "NEA_pl_rad_e:": NaN,
        "NEA_pl_rad_e_err1": NaN,
        "NEA_pl_rad_e_err2": NaN,
        "NEA_pl_mass": NaN,
        "NEA_ins_flux": 186.0,
        "NEA_pl_eq_temp": 1027.0
    }
}