{
    "target": "TOI-1437",
    "planet_name": "TOI-1437 b",
    "from": "Transit (TESS)",
    "stellar": {
        "radius_Rsun": 1.2224,
        "mass_Msun": 1.144
    },
    "bls": {
        "period_days": 18.84090840908409,
        "t0": 1700.7293859947638,
        "depth": 0.00014591978772519318,
        "duration_days": 0.25
    },
    "physical": {
        "planet_radius_Rearth": 1.6106497706162026,
        "semi_major_axis_AU": 0.1449253248201065
    },
    "NEA": {
        "NEA_pl_name": "TOI-1437 b",
        "NEA_st_host": "TOI-1437",
        "NEA_st_Teff": 5986.0,
        "NEA_st_rad": 1.2589,
        "NEA_st_mass": 1.012,
        "NEA_ra": 256.1387513,
        "NEA_dec": 56.842549,
        "NEA_period_day": 18.84078,
        "NEA_a_au": 0.139,
        "NEA_a_au_err1": 0.003,
        "NEA_a_au_err2": 0.003,
        "NEA_pl_rad_e:": 2.43471042,
        "NEA_pl_rad_e_err1": 0.06967777,
        "NEA_pl_rad_e_err2": -0.06309835,
        "NEA_pl_mass": 10.4,
        "NEA_ins_flux": 82.0,
        "NEA_pl_eq_temp": 794.23
    }
}