{
    "target": "TOI-2158",
    "planet_name": "TOI-2158 b",
    "from": "Transit (TESS)",
    "stellar": {
        "radius_Rsun": 1.49636,
        "mass_Msun": 0.935
    },
    "bls": {
        "period_days": 8.600771007710078,
        "t0": 2397.3527907082535,
        "depth": 0.002997748792706088,
        "duration_days": 0.15
    },
    "physical": {
        "planet_radius_Rearth": 8.936436792493081,
        "semi_major_axis_AU": 0.08033346671324952
    },
    "NEA": {
        "NEA_pl_name": "TOI-2158 b",
        "NEA_st_host": "TOI-2158",
        "NEA_st_Teff": 5673.0,
        "NEA_st_rad": 1.41,
        "NEA_st_mass": 1.12,
        "NEA_ra": 276.8100527,
        "NEA_dec": 20.5268868,
        "NEA_period_day": 8.60077,
        "NEA_a_au": 0.075,
        "NEA_a_au_err1": 0.004,
        "NEA_a_au_err2": 0.004,
        "NEA_pl_rad_e:": 10.76062147,
        "NEA_pl_rad_e_err1": 0.13450777,
        "NEA_pl_rad_e_err2": -0.13450777,
        "NEA_pl_mass": 260.61929374,
        "NEA_ins_flux": NaN,
        "NEA_pl_eq_temp": 1188.0
    }
}