{
    "target": "TOI-2969",
    "planet_name": "TOI-2969 b",
    "from": "Transit (TESS)",
    "stellar": {
        "radius_Rsun": 0.780399,
        "mass_Msun": 0.72
    },
    "bls": {
        "period_days": 1.8236732367323674,
        "t0": 3014.5619548274285,
        "depth": 0.013061075935800089,
        "duration_days": 0.05
    },
    "physical": {
        "planet_radius_Rearth": 9.728297890337313,
        "semi_major_axis_AU": 0.02618242675658314
    },
    "NEA": {
        "NEA_pl_name": "TOI-2969 b",
        "NEA_st_host": "TOI-2969",
        "NEA_st_Teff": 4738.0,
        "NEA_st_rad": 0.7,
        "NEA_st_mass": 0.71,
        "NEA_ra": 150.0626247,
        "NEA_dec": -47.4452436,
        "NEA_period_day": 1.8237146,
        "NEA_a_au": 0.0261,
        "NEA_a_au_err1": 0.0002,
        "NEA_a_au_err2": 0.0002,
        "NEA_pl_rad_e:": 12.32987877,
        "NEA_pl_rad_e_err1": 0.89671846,
        "NEA_pl_rad_e_err2": -0.89671846,
        "NEA_pl_mass": 368.68095212,
        "NEA_ins_flux": 382.0,
        "NEA_pl_eq_temp": 1186.0
    }
}