{
    "target": "TOI-172",
    "planet_name": "TOI-172 b",
    "from": "Transit (TESS)",
    "stellar": {
        "radius_Rsun": 1.78866,
        "mass_Msun": 1.031
    },
    "bls": {
        "period_days": 9.476914769147692,
        "t0": 2066.121104734673,
        "depth": 0.002088524821695748,
        "duration_days": 0.2
    },
    "physical": {
        "planet_radius_Rearth": 8.916169063432934,
        "semi_major_axis_AU": 0.08853845114444908
    },
    "NEA": {
        "NEA_pl_name": "TOI-172 b",
        "NEA_st_host": "TOI-172",
        "NEA_st_Teff": 5645.0,
        "NEA_st_rad": 1.777,
        "NEA_st_mass": 1.128,
        "NEA_ra": 316.6318791,
        "NEA_dec": -26.6928654,
        "NEA_period_day": 9.476936,
        "NEA_a_au": 0.09140000000000001,
        "NEA_a_au_err1": NaN,
        "NEA_a_au_err2": NaN,
        "NEA_pl_rad_e:": NaN,
        "NEA_pl_rad_e_err1": NaN,
        "NEA_pl_rad_e_err2": NaN,
        "NEA_pl_mass": NaN,
        "NEA_ins_flux": 299.0,
        "NEA_pl_eq_temp": 1198.0
    }
}