{
    "target": "TOI-1716",
    "planet_name": "TOI-1716.01",
    "from": "Transit (TESS)",
    "stellar": {
        "radius_Rsun": 1.23517,
        "mass_Msun": 1.065
    },
    "bls": {
        "period_days": 8.082455824558245,
        "t0": 1843.848566786756,
        "depth": 0.0002650424046065384,
        "duration_days": 0.15
    },
    "physical": {
        "planet_radius_Rearth": 2.193386144237203,
        "semi_major_axis_AU": 0.08049084333746734
    },
    "NEA": {
        "NEA_pl_name": "TOI-1716.01",
        "NEA_st_host": "TOI-1716",
        "NEA_st_Teff": 5879.0,
        "NEA_st_rad": 1.24,
        "NEA_st_mass": 1.07,
        "NEA_ra": 105.0833291,
        "NEA_dec": 56.8241941,
        "NEA_period_day": 8.082376554,
        "NEA_a_au": 0.080496,
        "NEA_a_au_err1": 0.003333,
        "NEA_a_au_err2": 0.003333,
        "NEA_pl_rad_e:": 3.143,
        "NEA_pl_rad_e_err1": 0.409,
        "NEA_pl_rad_e_err2": -0.298,
        "NEA_pl_mass": NaN,
        "NEA_ins_flux": 254.83,
        "NEA_pl_eq_temp": NaN
    }
}