{
    "target": "TOI-2498",
    "planet_name": "TOI-2498 b",
    "from": "Transit (TESS)",
    "stellar": {
        "radius_Rsun": 1.29068,
        "mass_Msun": 1.084
    },
    "bls": {
        "period_days": 3.738202382023821,
        "t0": 2204.428369213893,
        "depth": 0.0011735577000380444,
        "duration_days": 0.1
    },
    "physical": {
        "planet_radius_Rearth": 4.822824775896846,
        "semi_major_axis_AU": 0.048423110435414564
    },
    "NEA": {
        "NEA_pl_name": "TOI-2498 b",
        "NEA_st_host": "TOI-2498",
        "NEA_st_Teff": 5905.0,
        "NEA_st_rad": 1.26,
        "NEA_st_mass": 1.12,
        "NEA_ra": 95.4162204,
        "NEA_dec": 11.2516477,
        "NEA_period_day": 3.738252,
        "NEA_a_au": 0.0491,
        "NEA_a_au_err1": 0.003,
        "NEA_a_au_err2": 0.003,
        "NEA_pl_rad_e:": 6.06,
        "NEA_pl_rad_e_err1": 0.29,
        "NEA_pl_rad_e_err2": -0.27,
        "NEA_pl_mass": 34.62,
        "NEA_ins_flux": NaN,
        "NEA_pl_eq_temp": 1443.0
    }
}