{
    "target": "TOI-1199",
    "planet_name": "TOI-1199 b",
    "from": "Transit (TESS)",
    "stellar": {
        "radius_Rsun": 1.53552,
        "mass_Msun": 0.99
    },
    "bls": {
        "period_days": 3.671511715117151,
        "t0": 2420.536053845432,
        "depth": 0.003153297171703881,
        "duration_days": 0.1
    },
    "physical": {
        "planet_radius_Rearth": 9.405212390838152,
        "semi_major_axis_AU": 0.04642045494325529
    },
    "NEA": {
        "NEA_pl_name": "TOI-1199 b",
        "NEA_st_host": "TOI-1199",
        "NEA_st_Teff": 5710.0,
        "NEA_st_rad": 1.45,
        "NEA_st_mass": 1.23,
        "NEA_ra": 166.8806581,
        "NEA_dec": 61.3525723,
        "NEA_period_day": 3.671463,
        "NEA_a_au": 0.04988,
        "NEA_a_au_err1": 0.00091,
        "NEA_a_au_err2": 0.00091,
        "NEA_pl_rad_e:": 10.5140239,
        "NEA_pl_rad_e_err1": 0.28022452,
        "NEA_pl_rad_e_err2": -0.28022452,
        "NEA_pl_mass": 75.96098927,
        "NEA_ins_flux": NaN,
        "NEA_pl_eq_temp": 1486.0
    }
}