{
    "target": "TOI-5795",
    "planet_name": "TOI-5795 b",
    "from": "Transit (TESS)",
    "stellar": {
        "radius_Rsun": 1.05042,
        "mass_Msun": 1.017
    },
    "bls": {
        "period_days": 6.1406264062640625,
        "t0": 2770.669671940609,
        "depth": 0.0019105574997859626,
        "duration_days": 0.15
    },
    "physical": {
        "planet_radius_Rearth": 5.008108367065498,
        "semi_major_axis_AU": 0.06599582824050648
    },
    "NEA": {
        "NEA_pl_name": "TOI-5795 b",
        "NEA_st_host": "TOI-5795",
        "NEA_st_Teff": 5715.0,
        "NEA_st_rad": 1.082,
        "NEA_st_mass": 0.901,
        "NEA_ra": 304.868782,
        "NEA_dec": -7.5476595,
        "NEA_period_day": 6.1406325,
        "NEA_a_au": 0.064,
        "NEA_a_au_err1": 0.002,
        "NEA_a_au_err2": 0.002,
        "NEA_pl_rad_e:": 5.62,
        "NEA_pl_rad_e_err1": 0.11,
        "NEA_pl_rad_e_err2": -0.11,
        "NEA_pl_mass": 23.66,
        "NEA_ins_flux": NaN,
        "NEA_pl_eq_temp": 1136.78
    }
}