{
    "target": "TOI-3023",
    "planet_name": "TOI-3023 b",
    "from": "Transit (TESS)",
    "stellar": {
        "radius_Rsun": 1.68738,
        "mass_Msun": 0.97
    },
    "bls": {
        "period_days": 3.9020040200402,
        "t0": 3042.661551569836,
        "depth": 0.007220698207071694,
        "duration_days": 0.2
    },
    "physical": {
        "planet_radius_Rearth": 15.639871244073323,
        "semi_major_axis_AU": 0.0480157188491144
    },
    "NEA": {
        "NEA_pl_name": "TOI-3023 b",
        "NEA_st_host": "TOI-3023",
        "NEA_st_Teff": 5760.0,
        "NEA_st_rad": 1.668,
        "NEA_st_mass": 1.12,
        "NEA_ra": 165.3158231,
        "NEA_dec": -72.3567044,
        "NEA_period_day": 3.9014971,
        "NEA_a_au": 0.0505,
        "NEA_a_au_err1": 0.0015,
        "NEA_a_au_err2": 0.0015,
        "NEA_pl_rad_e:": 16.43236571,
        "NEA_pl_rad_e_err1": 0.48198617,
        "NEA_pl_rad_e_err2": -0.35868738,
        "NEA_pl_mass": 197.05361234,
        "NEA_ins_flux": 1084.0,
        "NEA_pl_eq_temp": 1596.0
    }
}