{
    "target": "TOI-4479",
    "planet_name": "TOI-4479 b",
    "from": "Transit (TESS)",
    "stellar": {
        "radius_Rsun": 0.427389,
        "mass_Msun": 0.422022
    },
    "bls": {
        "period_days": 1.1589115891158912,
        "t0": 2420.758721701893,
        "depth": 0.0027544748544548244,
        "duration_days": 0.05
    },
    "physical": {
        "planet_radius_Rearth": 2.4466588940411365,
        "semi_major_axis_AU": 0.016196193236990543
    },
    "NEA": {
        "NEA_pl_name": "TOI-4479 b",
        "NEA_st_host": "TOI-4479",
        "NEA_st_Teff": 3400.0,
        "NEA_st_rad": 0.451,
        "NEA_st_mass": 0.452,
        "NEA_ra": 316.0969388,
        "NEA_dec": 24.6536739,
        "NEA_period_day": 1.1589,
        "NEA_a_au": 0.0164,
        "NEA_a_au_err1": 0.0015,
        "NEA_a_au_err2": 0.0015,
        "NEA_pl_rad_e:": 2.82,
        "NEA_pl_rad_e_err1": 0.65,
        "NEA_pl_rad_e_err2": -0.63,
        "NEA_pl_mass": NaN,
        "NEA_ins_flux": 92.5,
        "NEA_pl_eq_temp": 861.0
    }
}