{
    "target": "TOI-908",
    "planet_name": "TOI-908 b",
    "from": "Transit (TESS)",
    "stellar": {
        "radius_Rsun": 1.05236,
        "mass_Msun": 0.96
    },
    "bls": {
        "period_days": 3.1838118381183813,
        "t0": 1629.7298648107387,
        "depth": 0.0006222570846291495,
        "duration_days": 0.1
    },
    "physical": {
        "planet_radius_Rearth": 2.8633862588194847,
        "semi_major_axis_AU": 0.04178204782695526
    },
    "NEA": {
        "NEA_pl_name": "TOI-908 b",
        "NEA_st_host": "TOI-908",
        "NEA_st_Teff": 5626.0,
        "NEA_st_rad": 1.028,
        "NEA_st_mass": 0.95,
        "NEA_ra": 53.1594266,
        "NEA_dec": -81.250745,
        "NEA_period_day": 3.183792,
        "NEA_a_au": 0.041657,
        "NEA_a_au_err1": 2e-06,
        "NEA_a_au_err2": 2e-06,
        "NEA_pl_rad_e:": 3.186,
        "NEA_pl_rad_e_err1": 0.155,
        "NEA_pl_rad_e_err2": -0.155,
        "NEA_pl_mass": 16.137,
        "NEA_ins_flux": 80.884,
        "NEA_pl_eq_temp": 1317.0
    }
}