{
    "target": "TOI-5210",
    "planet_name": "TOI-5210 b",
    "from": "Transit (TESS)",
    "stellar": {
        "radius_Rsun": 1.28343,
        "mass_Msun": 0.982
    },
    "bls": {
        "period_days": 4.5675456754567545,
        "t0": 3535.257520346292,
        "depth": 0.006317222501554597,
        "duration_days": 0.15
    },
    "physical": {
        "planet_radius_Rearth": 11.126689086488271,
        "semi_major_axis_AU": 0.05355008246492581
    },
    "NEA": {
        "NEA_pl_name": "TOI-5210 b",
        "NEA_st_host": "TOI-5210",
        "NEA_st_Teff": 5723.0,
        "NEA_st_rad": 1.209,
        "NEA_st_mass": 1.105,
        "NEA_ra": 314.316923,
        "NEA_dec": 21.9502055,
        "NEA_period_day": 4.5661061,
        "NEA_a_au": 0.0557,
        "NEA_a_au_err1": 0.001,
        "NEA_a_au_err2": 0.001,
        "NEA_pl_rad_e:": 10.72699453,
        "NEA_pl_rad_e_err1": 0.35868738,
        "NEA_pl_rad_e_err2": -0.26901554,
        "NEA_pl_mass": 81.99972901,
        "NEA_ins_flux": 456.0,
        "NEA_pl_eq_temp": 1286.0
    }
}