{
    "target": "TOI-2407",
    "planet_name": "TOI-2407 b",
    "from": "Transit (TESS)",
    "stellar": {
        "radius_Rsun": 0.524573,
        "mass_Msun": 0.52181
    },
    "bls": {
        "period_days": 2.7029370293702937,
        "t0": 2116.6332456757373,
        "depth": 0.004438930086304675,
        "duration_days": 0.05
    },
    "physical": {
        "planet_radius_Rearth": 3.8122007739990096,
        "semi_major_axis_AU": 0.030572371852351232
    },
    "NEA": {
        "NEA_pl_name": "TOI-2407 b",
        "NEA_st_host": "TOI-2407",
        "NEA_st_Teff": 3530.0,
        "NEA_st_rad": 0.567,
        "NEA_st_mass": 0.548,
        "NEA_ra": 49.746545,
        "NEA_dec": -46.458025,
        "NEA_period_day": 2.702969,
        "NEA_a_au": 0.033,
        "NEA_a_au_err1": 0.001,
        "NEA_a_au_err2": 0.001,
        "NEA_pl_rad_e:": 4.26,
        "NEA_pl_rad_e_err1": 0.26,
        "NEA_pl_rad_e_err2": -0.26,
        "NEA_pl_mass": NaN,
        "NEA_ins_flux": 41.0,
        "NEA_pl_eq_temp": 705.0
    }
}