{
    "target": "TOI-4329",
    "planet_name": "TOI-4329 b",
    "from": "Transit (TESS)",
    "stellar": {
        "radius_Rsun": 2.74429,
        "mass_Msun": 0.97
    },
    "bls": {
        "period_days": 2.922509225092251,
        "t0": 2720.718397931124,
        "depth": 0.004250733368850673,
        "duration_days": 0.2
    },
    "physical": {
        "planet_radius_Rearth": 19.51608111349776,
        "semi_major_axis_AU": 0.03960003355642818
    },
    "NEA": {
        "NEA_pl_name": "TOI-4329 b",
        "NEA_st_host": "TOI-4329",
        "NEA_st_Teff": 6000.0,
        "NEA_st_rad": 2.31,
        "NEA_st_mass": 1.538,
        "NEA_ra": 329.5639152,
        "NEA_dec": 71.1316048,
        "NEA_period_day": 2.9223,
        "NEA_a_au": NaN,
        "NEA_a_au_err1": NaN,
        "NEA_a_au_err2": NaN,
        "NEA_pl_rad_e:": 16.81347105,
        "NEA_pl_rad_e_err1": 2.12970633,
        "NEA_pl_rad_e_err2": -2.12970633,
        "NEA_pl_mass": 143.02278315,
        "NEA_ins_flux": NaN,
        "NEA_pl_eq_temp": NaN
    }
}