{
    "target": "TOI-4201",
    "planet_name": "TOI-4201 b",
    "from": "Transit (TESS)",
    "stellar": {
        "radius_Rsun": 0.61416,
        "mass_Msun": 0.599491
    },
    "bls": {
        "period_days": 3.5808358083580836,
        "t0": 3666.676249240843,
        "depth": 0.022919296043252945,
        "duration_days": 0.1
    },
    "physical": {
        "planet_radius_Rearth": 10.141748675296215,
        "semi_major_axis_AU": 0.03862349260032161
    },
    "NEA": {
        "NEA_pl_name": "TOI-4201 b",
        "NEA_st_host": "TOI-4201",
        "NEA_st_Teff": 3920.0,
        "NEA_st_rad": 0.62,
        "NEA_st_mass": 0.63,
        "NEA_ra": 90.4747237,
        "NEA_dec": -13.461371,
        "NEA_period_day": 3.5819232,
        "NEA_a_au": 0.03944,
        "NEA_a_au_err1": 0.00039,
        "NEA_a_au_err2": 0.00039,
        "NEA_pl_rad_e:": 12.69,
        "NEA_pl_rad_e_err1": 0.33,
        "NEA_pl_rad_e_err2": -0.33,
        "NEA_pl_mass": 825.0,
        "NEA_ins_flux": 49.6,
        "NEA_pl_eq_temp": 739.0
    }
}