{
    "target": "TOI-5800",
    "planet_name": "TOI-5800 b",
    "from": "Transit (TESS)",
    "stellar": {
        "radius_Rsun": 0.817034,
        "mass_Msun": 0.78
    },
    "bls": {
        "period_days": 2.6278612786127864,
        "t0": 2771.719662856023,
        "depth": 0.00047405825455915784,
        "duration_days": 0.05
    },
    "physical": {
        "planet_radius_Rearth": 1.9403794452674787,
        "semi_major_axis_AU": 0.03430579910366925
    },
    "NEA": {
        "NEA_pl_name": "TOI-5800 b",
        "NEA_st_host": "TOI-5800",
        "NEA_st_Teff": 4850.0,
        "NEA_st_rad": 0.773,
        "NEA_st_mass": 0.778,
        "NEA_ra": 305.0655462,
        "NEA_dec": -7.4119237,
        "NEA_period_day": 2.6278838,
        "NEA_a_au": 0.0344,
        "NEA_a_au_err1": 0.0014,
        "NEA_a_au_err2": 0.0014,
        "NEA_pl_rad_e:": 2.46,
        "NEA_pl_rad_e_err1": 0.18,
        "NEA_pl_rad_e_err2": -0.16,
        "NEA_pl_mass": 9.5,
        "NEA_ins_flux": NaN,
        "NEA_pl_eq_temp": 1108.0
    }
}