{
    "target": "TOI-4515",
    "planet_name": "TOI-4515 b",
    "from": "Transit (TESS)",
    "stellar": {
        "radius_Rsun": 0.874078,
        "mass_Msun": 0.944
    },
    "bls": {
        "period_days": 15.266327663276636,
        "t0": 2451.6239414577553,
        "depth": 0.006305062499657858,
        "duration_days": 0.1
    },
    "physical": {
        "planet_radius_Rearth": 7.570517481775001,
        "semi_major_axis_AU": 0.11814484216801098
    },
    "NEA": {
        "NEA_pl_name": "TOI-4515 b",
        "NEA_st_host": "TOI-4515",
        "NEA_st_Teff": 5433.0,
        "NEA_st_rad": 0.86,
        "NEA_st_mass": 0.949,
        "NEA_ra": 21.1861778,
        "NEA_dec": 21.5130638,
        "NEA_period_day": 15.266446,
        "NEA_a_au": 0.118,
        "NEA_a_au_err1": 0.001,
        "NEA_a_au_err2": 0.001,
        "NEA_pl_rad_e:": 12.17,
        "NEA_pl_rad_e_err1": 0.43,
        "NEA_pl_rad_e_err2": -0.43,
        "NEA_pl_mass": 637.0,
        "NEA_ins_flux": NaN,
        "NEA_pl_eq_temp": 705.0
    }
}