{
    "target": "TOI-3629",
    "planet_name": "TOI-3629 b",
    "from": "Transit (TESS)",
    "stellar": {
        "radius_Rsun": 0.61486,
        "mass_Msun": 0.600047
    },
    "bls": {
        "period_days": 3.9365193651936514,
        "t0": 2855.0043705915773,
        "depth": 0.00952182787599531,
        "duration_days": 0.1
    },
    "physical": {
        "planet_radius_Rearth": 6.544358519506161,
        "semi_major_axis_AU": 0.04115327476125973
    },
    "NEA": {
        "NEA_pl_name": "TOI-3629 b",
        "NEA_st_host": "TOI-3629",
        "NEA_st_Teff": 3870.0,
        "NEA_st_rad": 0.6,
        "NEA_st_mass": 0.63,
        "NEA_ra": 359.7933851,
        "NEA_dec": 39.3142556,
        "NEA_period_day": 3.936551,
        "NEA_a_au": 0.043,
        "NEA_a_au_err1": 0.002,
        "NEA_a_au_err2": 0.002,
        "NEA_pl_rad_e:": 8.29464572,
        "NEA_pl_rad_e_err1": 0.22417961,
        "NEA_pl_rad_e_err2": -0.22417961,
        "NEA_pl_mass": 82.63538582,
        "NEA_ins_flux": 39.0,
        "NEA_pl_eq_temp": 690.0
    }
}