{
    "target": "TOI-615",
    "planet_name": "TOI-615 b",
    "from": "Transit (TESS)",
    "stellar": {
        "radius_Rsun": 1.70396,
        "mass_Msun": 1.7
    },
    "bls": {
        "period_days": 4.6615366153661535,
        "t0": 2259.5043917155317,
        "depth": 0.0015363092709608577,
        "duration_days": 0.2
    },
    "physical": {
        "planet_radius_Rearth": 7.284997390171942,
        "semi_major_axis_AU": 0.06517835906034432
    },
    "NEA": {
        "NEA_pl_name": "TOI-615 b",
        "NEA_st_host": "TOI-615",
        "NEA_st_Teff": 6850.0,
        "NEA_st_rad": 1.732,
        "NEA_st_mass": 1.449,
        "NEA_ra": 133.4086892,
        "NEA_dec": -40.543701,
        "NEA_period_day": 4.6615983,
        "NEA_a_au": 0.0678,
        "NEA_a_au_err1": 0.0031,
        "NEA_a_au_err2": 0.0031,
        "NEA_pl_rad_e:": 18.97680433,
        "NEA_pl_rad_e_err1": 0.582867,
        "NEA_pl_rad_e_err2": -0.6389119,
        "NEA_pl_mass": 138.25535705,
        "NEA_ins_flux": 1286.0,
        "NEA_pl_eq_temp": 1666.0
    }
}