{
    "target": "TOI-6002",
    "planet_name": "TOI-6002 b",
    "from": "Transit (TESS)",
    "stellar": {
        "radius_Rsun": 0.242121,
        "mass_Msun": 0.212382
    },
    "bls": {
        "period_days": 10.904914049140492,
        "t0": 1692.7573838069363,
        "depth": 0.0034375685749253727,
        "duration_days": 0.05
    },
    "physical": {
        "planet_radius_Rearth": 1.5484201827570137,
        "semi_major_axis_AU": 0.057418932671233346
    },
    "NEA": {
        "NEA_pl_name": "TOI-6002 b",
        "NEA_st_host": "TOI-6002",
        "NEA_st_Teff": 3229.0,
        "NEA_st_rad": 0.2432,
        "NEA_st_mass": 0.2101,
        "NEA_ra": 299.6142524,
        "NEA_dec": 32.2871702,
        "NEA_period_day": 10.904821,
        "NEA_a_au": 0.05722,
        "NEA_a_au_err1": 0.00044,
        "NEA_a_au_err2": 0.00044,
        "NEA_pl_rad_e:": 1.65,
        "NEA_pl_rad_e_err1": 0.22,
        "NEA_pl_rad_e_err2": -0.19,
        "NEA_pl_mass": NaN,
        "NEA_ins_flux": 1.6823,
        "NEA_pl_eq_temp": 321.4
    }
}