{
    "target": "TOI-1174",
    "planet_name": "TOI-1174 b",
    "from": "Transit (TESS)",
    "stellar": {
        "radius_Rsun": 0.75865,
        "mass_Msun": 0.85
    },
    "bls": {
        "period_days": 8.953529535295353,
        "t0": 1690.0570225441736,
        "depth": 0.0008977433917174388,
        "duration_days": 0.1
    },
    "physical": {
        "planet_radius_Rearth": 2.479409437169227,
        "semi_major_axis_AU": 0.07993498006595198
    },
    "NEA": {
        "NEA_pl_name": "TOI-1174 b",
        "NEA_st_host": "TOI-1174",
        "NEA_st_Teff": 5158.0,
        "NEA_st_rad": 0.7847,
        "NEA_st_mass": 0.8425,
        "NEA_ra": 209.2171751,
        "NEA_dec": 68.6182106,
        "NEA_period_day": 8.953458,
        "NEA_a_au": 0.08,
        "NEA_a_au_err1": 0.001,
        "NEA_a_au_err2": 0.001,
        "NEA_pl_rad_e:": 2.5064654,
        "NEA_pl_rad_e_err1": 0.14189281,
        "NEA_pl_rad_e_err2": -0.10782296,
        "NEA_pl_mass": 32.0,
        "NEA_ins_flux": 52.02,
        "NEA_pl_eq_temp": 713.83
    }
}