{
    "target": "TOI-244",
    "planet_name": "TOI-244 b",
    "from": "Transit (TESS)",
    "stellar": {
        "radius_Rsun": 0.407103,
        "mass_Msun": 0.399476
    },
    "bls": {
        "period_days": 7.397218972189722,
        "t0": 1357.367513000042,
        "depth": 0.0007282012946216095,
        "duration_days": 0.05
    },
    "physical": {
        "planet_radius_Rearth": 1.1982866071133969,
        "semi_major_axis_AU": 0.054719685943529606
    },
    "NEA": {
        "NEA_pl_name": "TOI-244 b",
        "NEA_st_host": "TOI-244",
        "NEA_st_Teff": 3450.0,
        "NEA_st_rad": 0.399,
        "NEA_st_mass": 0.424,
        "NEA_ra": 10.5697537,
        "NEA_dec": -36.7179743,
        "NEA_period_day": 7.39726,
        "NEA_a_au": 0.073,
        "NEA_a_au_err1": 0.003,
        "NEA_a_au_err2": 0.003,
        "NEA_pl_rad_e:": 1.03,
        "NEA_pl_rad_e_err1": 0.08,
        "NEA_pl_rad_e_err2": -0.08,
        "NEA_pl_mass": NaN,
        "NEA_ins_flux": 7.3,
        "NEA_pl_eq_temp": 387.0
    }
}