{
    "target": "TOI-1994",
    "planet_name": "TOI-1994 b",
    "from": "Transit (TESS)",
    "stellar": {
        "radius_Rsun": 2.22276,
        "mass_Msun": 1.88
    },
    "bls": {
        "period_days": 4.0336303363033625,
        "t0": 2281.9646278128826,
        "depth": 0.0029090484372799137,
        "duration_days": 0.15
    },
    "physical": {
        "planet_radius_Rearth": 13.076717097836257,
        "semi_major_axis_AU": 0.061204646633046665
    },
    "NEA": {
        "NEA_pl_name": "TOI-1994 b",
        "NEA_st_host": "TOI-1994",
        "NEA_st_Teff": 7700.0,
        "NEA_st_rad": 2.3,
        "NEA_st_mass": 1.86,
        "NEA_ra": 147.1745753,
        "NEA_dec": -51.756564,
        "NEA_period_day": 4.0337142,
        "NEA_a_au": 0.0613,
        "NEA_a_au_err1": 0.0019,
        "NEA_a_au_err2": 0.0019,
        "NEA_pl_rad_e:": 13.67495645,
        "NEA_pl_rad_e_err1": 0.91913642,
        "NEA_pl_rad_e_err2": -0.79583763,
        "NEA_pl_mass": 7024.0077947,
        "NEA_ins_flux": NaN,
        "NEA_pl_eq_temp": 2290.0
    }
}