{
    "target": "TOI-6420",
    "planet_name": "TOI-6420 b",
    "from": "Transit (TESS)",
    "stellar": {
        "radius_Rsun": 1.37262,
        "mass_Msun": 1.1
    },
    "bls": {
        "period_days": 6.966069660696607,
        "t0": 3695.917980153155,
        "depth": 0.004809552777577536,
        "duration_days": 0.1
    },
    "physical": {
        "planet_radius_Rearth": 10.383250919750418,
        "semi_major_axis_AU": 0.0736869338721239
    },
    "NEA": {
        "NEA_pl_name": "TOI-6420 b",
        "NEA_st_host": "TOI-6420",
        "NEA_st_Teff": 6020.0,
        "NEA_st_rad": 1.312,
        "NEA_st_mass": 1.165,
        "NEA_ra": 125.5443036,
        "NEA_dec": -19.1242852,
        "NEA_period_day": 6.961508,
        "NEA_a_au": 0.0753,
        "NEA_a_au_err1": 0.0014,
        "NEA_a_au_err2": 0.0014,
        "NEA_pl_rad_e:": 11.93756445,
        "NEA_pl_rad_e_err1": 0.72858375,
        "NEA_pl_rad_e_err2": -0.66132986,
        "NEA_pl_mass": 2606.1929374,
        "NEA_ins_flux": NaN,
        "NEA_pl_eq_temp": 1213.0
    }
}