{
    "target": "TOI-5616",
    "planet_name": "TOI-5616 b",
    "from": "Transit (TESS)",
    "stellar": {
        "radius_Rsun": 0.653297,
        "mass_Msun": 0.629592
    },
    "bls": {
        "period_days": 2.0026850268502683,
        "t0": 3341.5385982881808,
        "depth": 0.024547591172186436,
        "duration_days": 0.05
    },
    "physical": {
        "planet_radius_Rearth": 11.164667250577045,
        "semi_major_axis_AU": 0.026649918357965107
    },
    "NEA": {
        "NEA_pl_name": "TOI-5616 b",
        "NEA_st_host": "TOI-5616",
        "NEA_st_Teff": 3996.0,
        "NEA_st_rad": 0.646,
        "NEA_st_mass": 0.666,
        "NEA_ra": 184.9016378,
        "NEA_dec": 48.6832895,
        "NEA_period_day": 2.002849,
        "NEA_a_au": 0.0272,
        "NEA_a_au_err1": 0.0003,
        "NEA_a_au_err2": 0.0003,
        "NEA_pl_rad_e:": 10.78,
        "NEA_pl_rad_e_err1": 0.54,
        "NEA_pl_rad_e_err2": -0.47,
        "NEA_pl_mass": 624.0,
        "NEA_ins_flux": 137.0,
        "NEA_pl_eq_temp": 939.0
    }
}