{
    "target": "TOI-530",
    "planet_name": "TOI-530 b",
    "from": "Transit (TESS)",
    "stellar": {
        "radius_Rsun": 0.544769,
        "mass_Msun": 0.540526
    },
    "bls": {
        "period_days": 6.387498874988749,
        "t0": 1470.2173703855658,
        "depth": 0.017738780070869927,
        "duration_days": 0.1
    },
    "physical": {
        "planet_radius_Rearth": 7.914162075786556,
        "semi_major_axis_AU": 0.05488164700369403
    },
    "NEA": {
        "NEA_pl_name": "TOI-530 b",
        "NEA_st_host": "TOI-530",
        "NEA_st_Teff": 3659.0,
        "NEA_st_rad": 0.54,
        "NEA_st_mass": 0.53,
        "NEA_ra": 103.4128333,
        "NEA_dec": 12.8815784,
        "NEA_period_day": 6.387597,
        "NEA_a_au": 0.052,
        "NEA_a_au_err1": 0.005,
        "NEA_a_au_err2": 0.005,
        "NEA_pl_rad_e:": 9.30345398,
        "NEA_pl_rad_e_err1": 0.67253884,
        "NEA_pl_rad_e_err2": -0.67253884,
        "NEA_pl_mass": 127.1313628,
        "NEA_ins_flux": NaN,
        "NEA_pl_eq_temp": 565.0
    }
}