{
    "target": "TOI-1630",
    "planet_name": "TOI-1630.01",
    "from": "Transit (TESS)",
    "stellar": {
        "radius_Rsun": 0.831212,
        "mass_Msun": 0.95
    },
    "bls": {
        "period_days": 12.055815558155581,
        "t0": 1773.8663280403389,
        "depth": 0.00043498448247177745,
        "duration_days": 0.1
    },
    "physical": {
        "planet_radius_Rearth": 1.8909470405524638,
        "semi_major_axis_AU": 0.10115172975449518
    },
    "NEA": {
        "NEA_pl_name": "TOI-1630.01",
        "NEA_st_host": "TOI-1630",
        "NEA_st_Teff": 5504.0,
        "NEA_st_rad": 0.83,
        "NEA_st_mass": 0.95,
        "NEA_ra": 352.0166759,
        "NEA_dec": 75.5526069,
        "NEA_period_day": 12.055734733,
        "NEA_a_au": 0.101151,
        "NEA_a_au_err1": 0.004254,
        "NEA_a_au_err2": 0.004254,
        "NEA_pl_rad_e:": 2.417,
        "NEA_pl_rad_e_err1": 0.228,
        "NEA_pl_rad_e_err2": -0.162,
        "NEA_pl_mass": NaN,
        "NEA_ins_flux": 55.58,
        "NEA_pl_eq_temp": NaN
    }
}