{
    "target": "TOI-674",
    "planet_name": "TOI-674 b",
    "from": "Transit (TESS)",
    "stellar": {
        "radius_Rsun": 0.421944,
        "mass_Msun": 0.416017
    },
    "bls": {
        "period_days": 1.9771397713977137,
        "t0": 1544.5413988243668,
        "depth": 0.005947187357135329,
        "duration_days": 0.05
    },
    "physical": {
        "planet_radius_Rearth": 3.5492885262380764,
        "semi_major_axis_AU": 0.023014223313762454
    },
    "NEA": {
        "NEA_pl_name": "TOI-674 b",
        "NEA_st_host": "TOI-674",
        "NEA_st_Teff": 3514.0,
        "NEA_st_rad": 0.42,
        "NEA_st_mass": 0.42,
        "NEA_ra": 164.5865592,
        "NEA_dec": -36.8581092,
        "NEA_period_day": 1.977143,
        "NEA_a_au": 0.025,
        "NEA_a_au_err1": 0.0008,
        "NEA_a_au_err2": 0.0008,
        "NEA_pl_rad_e:": 5.25,
        "NEA_pl_rad_e_err1": 0.17,
        "NEA_pl_rad_e_err2": -0.17,
        "NEA_pl_mass": 23.6,
        "NEA_ins_flux": 38.4,
        "NEA_pl_eq_temp": 635.0
    }
}