{
    "target": "TOI-2236",
    "planet_name": "TOI-2236 b",
    "from": "Transit (TESS)",
    "stellar": {
        "radius_Rsun": 1.62396,
        "mass_Msun": 1.19
    },
    "bls": {
        "period_days": 3.5315003150031505,
        "t0": 3099.196121752313,
        "depth": 0.004344600586352149,
        "duration_days": 0.1
    },
    "physical": {
        "planet_radius_Rearth": 11.675646441836415,
        "semi_major_axis_AU": 0.04809384898802113
    },
    "NEA": {
        "NEA_pl_name": "TOI-2236 b",
        "NEA_st_host": "TOI-2236",
        "NEA_st_Teff": 6248.0,
        "NEA_st_rad": 1.573,
        "NEA_st_mass": 1.343,
        "NEA_ra": 20.1660113,
        "NEA_dec": -86.979965,
        "NEA_period_day": 3.5315902,
        "NEA_a_au": 0.05009,
        "NEA_a_au_err1": 0.0008,
        "NEA_a_au_err2": 0.0008,
        "NEA_pl_rad_e:": 14.36991326,
        "NEA_pl_rad_e_err1": 0.35868738,
        "NEA_pl_rad_e_err2": -0.3474784,
        "NEA_pl_mass": 502.16888306,
        "NEA_ins_flux": 1356.0,
        "NEA_pl_eq_temp": 1688.0
    }
}