{
    "target": "TOI-1518",
    "planet_name": "TOI-1518 b",
    "from": "Transit (TESS)",
    "stellar": {
        "radius_Rsun": 1.82241,
        "mass_Msun": 2.537
    },
    "bls": {
        "period_days": 1.902649026490265,
        "t0": 2854.40663215377,
        "depth": 0.0021654062604749276,
        "duration_days": 0.1
    },
    "physical": {
        "planet_radius_Rearth": 9.25010075185969,
        "semi_major_axis_AU": 0.04098393555244453
    },
    "NEA": {
        "NEA_pl_name": "TOI-1518 b",
        "NEA_st_host": "TOI-1518",
        "NEA_st_Teff": 7300.0,
        "NEA_st_rad": 1.95,
        "NEA_st_mass": 1.79,
        "NEA_ra": 352.2675207,
        "NEA_dec": 67.0348062,
        "NEA_period_day": 1.902603,
        "NEA_a_au": 0.0389,
        "NEA_a_au_err1": 0.0011,
        "NEA_a_au_err2": 0.0011,
        "NEA_pl_rad_e:": 21.01683881,
        "NEA_pl_rad_e_err1": 0.59407598,
        "NEA_pl_rad_e_err2": -0.59407598,
        "NEA_pl_mass": 731.0053361,
        "NEA_ins_flux": NaN,
        "NEA_pl_eq_temp": 2492.0
    }
}