{
    "target": "TOI-1249",
    "planet_name": "TOI-1249 b",
    "from": "Transit (TESS)",
    "stellar": {
        "radius_Rsun": 0.999576,
        "mass_Msun": 0.952
    },
    "bls": {
        "period_days": 13.079185791857919,
        "t0": 1694.3767304920082,
        "depth": 0.0008992399729890259,
        "duration_days": 0.1
    },
    "physical": {
        "planet_radius_Rearth": 3.2695222807467705,
        "semi_major_axis_AU": 0.10687279583675038
    },
    "NEA": {
        "NEA_pl_name": "TOI-1249 b",
        "NEA_st_host": "TOI-1249",
        "NEA_st_Teff": 5497.0,
        "NEA_st_rad": 0.9785,
        "NEA_st_mass": 1.0062,
        "NEA_ra": 200.5615762,
        "NEA_dec": 66.3085331,
        "NEA_period_day": 13.079151,
        "NEA_a_au": 0.109,
        "NEA_a_au_err1": 0.002,
        "NEA_a_au_err2": 0.002,
        "NEA_pl_rad_e:": 3.2710301,
        "NEA_pl_rad_e_err1": 0.30687428,
        "NEA_pl_rad_e_err2": -0.18737301,
        "NEA_pl_mass": 11.9,
        "NEA_ins_flux": NaN,
        "NEA_pl_eq_temp": 726.89
    }
}