{
    "target": "TOI-3474",
    "planet_name": "TOI-3474 b",
    "from": "Transit (TESS)",
    "stellar": {
        "radius_Rsun": 1.25501,
        "mass_Msun": 1.13
    },
    "bls": {
        "period_days": 3.8797737977379776,
        "t0": 3072.4942564115217,
        "depth": 0.009377394923818982,
        "duration_days": 0.15
    },
    "physical": {
        "planet_radius_Rearth": 13.256197589034997,
        "semi_major_axis_AU": 0.05033052574448758
    },
    "NEA": {
        "NEA_pl_name": "TOI-3474 b",
        "NEA_st_host": "TOI-3474",
        "NEA_st_Teff": 6020.0,
        "NEA_st_rad": 1.256,
        "NEA_st_mass": 1.121,
        "NEA_ra": 233.5033482,
        "NEA_dec": -47.9636597,
        "NEA_period_day": 3.8795105,
        "NEA_a_au": 0.0502,
        "NEA_a_au_err1": 0.001,
        "NEA_a_au_err2": 0.001,
        "NEA_pl_rad_e:": 14.67255574,
        "NEA_pl_rad_e_err1": 0.36989636,
        "NEA_pl_rad_e_err2": -0.35868738,
        "NEA_pl_mass": 193.87532827,
        "NEA_ins_flux": 740.0,
        "NEA_pl_eq_temp": 1451.0
    }
}