{
    "target": "TOI-778",
    "planet_name": "TOI-778 b",
    "from": "Transit (TESS)",
    "stellar": {
        "radius_Rsun": 1.67723,
        "mass_Msun": 1.428
    },
    "bls": {
        "period_days": 4.633651336513365,
        "t0": 1574.0649912871222,
        "depth": 0.0023277023339246016,
        "duration_days": 0.15
    },
    "physical": {
        "planet_radius_Rearth": 8.826469445083106,
        "semi_major_axis_AU": 0.061252810295696
    },
    "NEA": {
        "NEA_pl_name": "TOI-778 b",
        "NEA_st_host": "TOI-778",
        "NEA_st_Teff": 6643.0,
        "NEA_st_rad": 1.71,
        "NEA_st_mass": 1.4,
        "NEA_ra": 199.3338503,
        "NEA_dec": -15.2737046,
        "NEA_period_day": 4.633611,
        "NEA_a_au": 0.06,
        "NEA_a_au_err1": 0.003,
        "NEA_a_au_err2": 0.003,
        "NEA_pl_rad_e:": 15.4,
        "NEA_pl_rad_e_err1": 0.5,
        "NEA_pl_rad_e_err2": -0.5,
        "NEA_pl_mass": 878.0,
        "NEA_ins_flux": NaN,
        "NEA_pl_eq_temp": 1561.0
    }
}