{
    "target": "TOI-1768",
    "planet_name": "TOI-1768.01",
    "from": "Transit (TESS)",
    "stellar": {
        "radius_Rsun": 1.09577,
        "mass_Msun": 1.104
    },
    "bls": {
        "period_days": 7.337743377433775,
        "t0": 1871.2436747594836,
        "depth": 0.0005176069059361439,
        "duration_days": 0.15
    },
    "physical": {
        "planet_radius_Rearth": 2.719256131222463,
        "semi_major_axis_AU": 0.07637755517113533
    },
    "NEA": {
        "NEA_pl_name": "TOI-1768.01",
        "NEA_st_host": "TOI-1768",
        "NEA_st_Teff": 5994.0,
        "NEA_st_rad": 1.1,
        "NEA_st_mass": 1.1,
        "NEA_ra": 152.1027826,
        "NEA_dec": 55.5399599,
        "NEA_period_day": 7.337703649,
        "NEA_a_au": 0.076381,
        "NEA_a_au_err1": 0.003268,
        "NEA_a_au_err2": 0.003268,
        "NEA_pl_rad_e:": 3.453,
        "NEA_pl_rad_e_err1": 0.423,
        "NEA_pl_rad_e_err2": -0.287,
        "NEA_pl_mass": NaN,
        "NEA_ins_flux": 240.87,
        "NEA_pl_eq_temp": NaN
    }
}