{
    "target": "TOI-3082",
    "planet_name": "TOI-3082 b",
    "from": "Transit (TESS)",
    "stellar": {
        "radius_Rsun": 0.684655,
        "mass_Msun": 0.664
    },
    "bls": {
        "period_days": 1.9268292682926829,
        "t0": 2309.1150860442285,
        "depth": 0.0020972079637263125,
        "duration_days": 0.05
    },
    "physical": {
        "planet_radius_Rearth": 3.419977213591284,
        "semi_major_axis_AU": 0.026437429801034522
    },
    "NEA": {
        "NEA_pl_name": "TOI-3082 b",
        "NEA_st_host": "TOI-3082",
        "NEA_st_Teff": 4263.0,
        "NEA_st_rad": 0.6847,
        "NEA_st_mass": 0.664,
        "NEA_ra": 195.9080719,
        "NEA_dec": -19.2189845,
        "NEA_period_day": 1.926907,
        "NEA_a_au": NaN,
        "NEA_a_au_err1": NaN,
        "NEA_a_au_err2": NaN,
        "NEA_pl_rad_e:": 3.6621,
        "NEA_pl_rad_e_err1": 0.1464,
        "NEA_pl_rad_e_err2": -0.1448,
        "NEA_pl_mass": NaN,
        "NEA_ins_flux": NaN,
        "NEA_pl_eq_temp": 1032.78
    }
}