{
    "target": "TOI-1691",
    "planet_name": "TOI-1691 b",
    "from": "Transit (TESS)",
    "stellar": {
        "radius_Rsun": 1.00422,
        "mass_Msun": 1.031
    },
    "bls": {
        "period_days": 16.736837368373685,
        "t0": 1818.0962303375877,
        "depth": 0.000615969100545254,
        "duration_days": 0.2
    },
    "physical": {
        "planet_radius_Rearth": 2.7185605421186896,
        "semi_major_axis_AU": 0.12936085218170254
    },
    "NEA": {
        "NEA_pl_name": "TOI-1691 b",
        "NEA_st_host": "TOI-1691",
        "NEA_st_Teff": 5759.0,
        "NEA_st_rad": 1.0,
        "NEA_st_mass": 1.03,
        "NEA_ra": 272.4041179,
        "NEA_dec": 86.860343,
        "NEA_period_day": 16.736888935,
        "NEA_a_au": 0.129365,
        "NEA_a_au_err1": 0.005726,
        "NEA_a_au_err2": 0.005726,
        "NEA_pl_rad_e:": 3.66,
        "NEA_pl_rad_e_err1": 0.236,
        "NEA_pl_rad_e_err2": -0.207,
        "NEA_pl_mass": NaN,
        "NEA_ins_flux": 59.13,
        "NEA_pl_eq_temp": 703.49
    }
}