{
    "target": "TOI-4914",
    "planet_name": "TOI-4914 b",
    "from": "Transit (TESS)",
    "stellar": {
        "radius_Rsun": 1.04293,
        "mass_Msun": 1.04
    },
    "bls": {
        "period_days": 10.596810968109681,
        "t0": 3048.7191976825256,
        "depth": 0.00820220949569353,
        "duration_days": 0.05
    },
    "physical": {
        "planet_radius_Rearth": 10.30270508209754,
        "semi_major_axis_AU": 0.09565968650744024
    },
    "NEA": {
        "NEA_pl_name": "TOI-4914 b",
        "NEA_st_host": "TOI-4914",
        "NEA_st_Teff": 5805.0,
        "NEA_st_rad": 1.0,
        "NEA_st_mass": 1.03,
        "NEA_ra": 204.5426717,
        "NEA_dec": -28.1429206,
        "NEA_period_day": 10.60057,
        "NEA_a_au": 0.098,
        "NEA_a_au_err1": 0.003,
        "NEA_a_au_err2": 0.003,
        "NEA_pl_rad_e:": 12.87,
        "NEA_pl_rad_e_err1": 0.36,
        "NEA_pl_rad_e_err2": -0.36,
        "NEA_pl_mass": 227.0,
        "NEA_ins_flux": NaN,
        "NEA_pl_eq_temp": 894.0
    }
}