{
    "target": "TOI-1883",
    "planet_name": "TOI-1883 b",
    "from": "Transit (TESS)",
    "stellar": {
        "radius_Rsun": 0.493576,
        "mass_Msun": 0.491671
    },
    "bls": {
        "period_days": 4.506315063150631,
        "t0": 2256.8581269479623,
        "depth": 0.011145071952765127,
        "duration_days": 0.05
    },
    "physical": {
        "planet_radius_Rearth": 5.6836346291075985,
        "semi_major_axis_AU": 0.042141204839267296
    },
    "NEA": {
        "NEA_pl_name": "TOI-1883 b",
        "NEA_st_host": "TOI-1883",
        "NEA_st_Teff": 3477.0,
        "NEA_st_rad": 0.494,
        "NEA_st_mass": 0.492,
        "NEA_ra": 134.0892456,
        "NEA_dec": -12.9306438,
        "NEA_period_day": 4.50638,
        "NEA_a_au": 0.0468,
        "NEA_a_au_err1": 0.001,
        "NEA_a_au_err2": 0.001,
        "NEA_pl_rad_e:": 5.65,
        "NEA_pl_rad_e_err1": 0.24,
        "NEA_pl_rad_e_err2": -0.24,
        "NEA_pl_mass": NaN,
        "NEA_ins_flux": NaN,
        "NEA_pl_eq_temp": 524.92
    }
}