{
    "target": "TOI-5720",
    "planet_name": "TOI-5720 b",
    "from": "Transit (TESS)",
    "stellar": {
        "radius_Rsun": 0.37103,
        "mass_Msun": 0.358453
    },
    "bls": {
        "period_days": 1.434449344493445,
        "t0": 1900.6369290640646,
        "depth": 0.0006616225633476061,
        "duration_days": 0.05
    },
    "physical": {
        "planet_radius_Rearth": 1.0409859294331134,
        "semi_major_axis_AU": 0.017682157967347928
    },
    "NEA": {
        "NEA_pl_name": "TOI-5720 b",
        "NEA_st_host": "TOI-5720",
        "NEA_st_Teff": 3325.0,
        "NEA_st_rad": 0.383,
        "NEA_st_mass": 0.383,
        "NEA_ra": 170.3135774,
        "NEA_dec": 25.2732942,
        "NEA_period_day": 1.4344555,
        "NEA_a_au": 0.018288,
        "NEA_a_au_err1": 0.000279,
        "NEA_a_au_err2": 0.000279,
        "NEA_pl_rad_e:": 1.09,
        "NEA_pl_rad_e_err1": 0.07,
        "NEA_pl_rad_e_err2": -0.07,
        "NEA_pl_mass": 4.3,
        "NEA_ins_flux": 41.7,
        "NEA_pl_eq_temp": 708.0
    }
}