{
    "target": "TOI-2368",
    "planet_name": "TOI-2368 b",
    "from": "Transit (TESS)",
    "stellar": {
        "radius_Rsun": 0.892685,
        "mass_Msun": 0.88
    },
    "bls": {
        "period_days": 5.174976749767498,
        "t0": 2990.648737681405,
        "depth": 0.009392537696605661,
        "duration_days": 0.05
    },
    "physical": {
        "planet_radius_Rearth": 9.43670524096108,
        "semi_major_axis_AU": 0.05610921697986844
    },
    "NEA": {
        "NEA_pl_name": "TOI-2368 b",
        "NEA_st_host": "TOI-2368",
        "NEA_st_Teff": 5360.0,
        "NEA_st_rad": 0.846,
        "NEA_st_mass": 0.897,
        "NEA_ra": 134.9576234,
        "NEA_dec": -48.4884929,
        "NEA_period_day": 5.1750073,
        "NEA_a_au": 0.05649,
        "NEA_a_au_err1": 0.001,
        "NEA_a_au_err2": 0.001,
        "NEA_pl_rad_e:": 10.83908434,
        "NEA_pl_rad_e_err1": 0.40352331,
        "NEA_pl_rad_e_err2": -0.3474784,
        "NEA_pl_mass": 206.58846455,
        "NEA_ins_flux": NaN,
        "NEA_pl_eq_temp": 1000.0
    }
}