{
    "target": "TOI-1775",
    "planet_name": "TOI-1775 b",
    "from": "Transit (TESS)",
    "stellar": {
        "radius_Rsun": 0.83944,
        "mass_Msun": 0.898
    },
    "bls": {
        "period_days": 10.240542405424055,
        "t0": 1877.5654393954255,
        "depth": 0.004603444028459238,
        "duration_days": 0.15
    },
    "physical": {
        "planet_radius_Rearth": 6.212433782063667,
        "semi_major_axis_AU": 0.08903794634409536
    },
    "NEA": {
        "NEA_pl_name": "TOI-1775 b",
        "NEA_st_host": "TOI-1775",
        "NEA_st_Teff": 5284.0,
        "NEA_st_rad": 0.8288,
        "NEA_st_mass": 0.9218,
        "NEA_ra": 150.1151015,
        "NEA_dec": 39.4577506,
        "NEA_period_day": 10.2405549,
        "NEA_a_au": 0.08,
        "NEA_a_au_err1": 0.002,
        "NEA_a_au_err2": 0.002,
        "NEA_pl_rad_e:": 8.04728896,
        "NEA_pl_rad_e_err1": 0.14337937,
        "NEA_pl_rad_e_err2": -0.12772169,
        "NEA_pl_mass": 96.0,
        "NEA_ins_flux": NaN,
        "NEA_pl_eq_temp": 707.89
    }
}