{
    "target": "TOI-1685",
    "planet_name": "TOI-1685 b",
    "from": "Transit (TESS)",
    "stellar": {
        "radius_Rsun": 0.462408,
        "mass_Msun": 0.459708
    },
    "bls": {
        "period_days": 0.6716017160171601,
        "t0": 1816.1797143442463,
        "depth": 0.00027144347436443056,
        "duration_days": 0.1
    },
    "physical": {
        "planet_radius_Rearth": 0.830989853593481,
        "semi_major_axis_AU": 0.011583405696670912
    },
    "NEA": {
        "NEA_pl_name": "TOI-1685 b",
        "NEA_st_host": "TOI-1685",
        "NEA_st_Teff": 3575.0,
        "NEA_st_rad": 0.4555,
        "NEA_st_mass": 0.454,
        "NEA_ra": 68.5939529,
        "NEA_dec": 43.0370395,
        "NEA_period_day": 0.66913924,
        "NEA_a_au": 0.01138,
        "NEA_a_au_err1": 0.00035,
        "NEA_a_au_err2": 0.00035,
        "NEA_pl_rad_e:": 1.468,
        "NEA_pl_rad_e_err1": 0.05,
        "NEA_pl_rad_e_err2": -0.051,
        "NEA_pl_mass": 3.03,
        "NEA_ins_flux": 236.0,
        "NEA_pl_eq_temp": 1062.0
    }
}