{
    "target": "TOI-2981",
    "planet_name": "TOI-2981 b",
    "from": "Transit (TESS)",
    "stellar": {
        "radius_Rsun": 1.03425,
        "mass_Msun": 1.13
    },
    "bls": {
        "period_days": 3.6015060150601506,
        "t0": 3015.8191377684784,
        "depth": 0.01233990111664762,
        "duration_days": 0.1
    },
    "physical": {
        "planet_radius_Rearth": 12.53175941235381,
        "semi_major_axis_AU": 0.047894240738858375
    },
    "NEA": {
        "NEA_pl_name": "TOI-2981 b",
        "NEA_st_host": "TOI-2981",
        "NEA_st_Teff": 5940.0,
        "NEA_st_rad": 1.08,
        "NEA_st_mass": 1.03,
        "NEA_ra": 163.487394,
        "NEA_dec": -25.5245988,
        "NEA_period_day": 3.601501,
        "NEA_a_au": 0.048,
        "NEA_a_au_err1": 0.002,
        "NEA_a_au_err2": 0.002,
        "NEA_pl_rad_e:": 13.4,
        "NEA_pl_rad_e_err1": 0.42,
        "NEA_pl_rad_e_err2": -0.42,
        "NEA_pl_mass": 638.0,
        "NEA_ins_flux": NaN,
        "NEA_pl_eq_temp": 1358.0
    }
}