{
    "target": "TOI-128",
    "planet_name": "TOI-128.01",
    "from": "Transit (TESS)",
    "stellar": {
        "radius_Rsun": 1.12777,
        "mass_Msun": 1.13
    },
    "bls": {
        "period_days": 4.940389403894039,
        "t0": 1328.1570484627848,
        "depth": 0.00023633408995837635,
        "duration_days": 0.1
    },
    "physical": {
        "planet_radius_Rearth": 1.8910995981392662,
        "semi_major_axis_AU": 0.059129106658092165
    },
    "NEA": {
        "NEA_pl_name": "TOI-128.01",
        "NEA_st_host": "TOI-128",
        "NEA_st_Teff": 6086.0,
        "NEA_st_rad": 1.13,
        "NEA_st_mass": 0.851969,
        "NEA_ra": 79.5209381,
        "NEA_dec": -80.964384,
        "NEA_period_day": 4.9404681,
        "NEA_a_au": 0.05381019,
        "NEA_a_au_err1": NaN,
        "NEA_a_au_err2": NaN,
        "NEA_pl_rad_e:": 2.21898,
        "NEA_pl_rad_e_err1": 0.10878,
        "NEA_pl_rad_e_err2": -0.10878,
        "NEA_pl_mass": NaN,
        "NEA_ins_flux": 182.406,
        "NEA_pl_eq_temp": 1344.51
    }
}