{
    "target": "TOI-206",
    "planet_name": "TOI-206 b",
    "from": "Transit (TESS)",
    "stellar": {
        "radius_Rsun": 0.351676,
        "mass_Msun": 0.336144
    },
    "bls": {
        "period_days": 0.7363423634236342,
        "t0": 1327.6839564594097,
        "depth": 0.00017770922043237837,
        "duration_days": 0.1
    },
    "physical": {
        "planet_radius_Rearth": 0.5113619285193333,
        "semi_major_axis_AU": 0.011095904103902229
    },
    "NEA": {
        "NEA_pl_name": "TOI-206 b",
        "NEA_st_host": "TOI-206",
        "NEA_st_Teff": 3383.0,
        "NEA_st_rad": 0.35,
        "NEA_st_mass": 0.35,
        "NEA_ra": 73.7382202,
        "NEA_dec": -62.521874,
        "NEA_period_day": 0.7363104,
        "NEA_a_au": 0.0112,
        "NEA_a_au_err1": 0.0001,
        "NEA_a_au_err2": 0.0001,
        "NEA_pl_rad_e:": 1.3,
        "NEA_pl_rad_e_err1": 0.05,
        "NEA_pl_rad_e_err2": -0.05,
        "NEA_pl_mass": NaN,
        "NEA_ins_flux": NaN,
        "NEA_pl_eq_temp": 910.0
    }
}