{
    "target": "TOI-3682",
    "planet_name": "TOI-3682 b",
    "from": "Transit (TESS)",
    "stellar": {
        "radius_Rsun": 1.91211,
        "mass_Msun": 0.96
    },
    "bls": {
        "period_days": 3.3462484624846245,
        "t0": 2448.381438690679,
        "depth": 0.00439470402927541,
        "duration_days": 0.15
    },
    "physical": {
        "planet_radius_Rearth": 13.826376155887099,
        "semi_major_axis_AU": 0.043191363671885225
    },
    "NEA": {
        "NEA_pl_name": "TOI-3682 b",
        "NEA_st_host": "TOI-3682",
        "NEA_st_Teff": 5703.0,
        "NEA_st_rad": 1.735,
        "NEA_st_mass": 1.32,
        "NEA_ra": 50.2752271,
        "NEA_dec": 25.2972658,
        "NEA_period_day": 3.3462406,
        "NEA_a_au": 0.048,
        "NEA_a_au_err1": 0.0006,
        "NEA_a_au_err2": 0.0006,
        "NEA_pl_rad_e:": 12.80065596,
        "NEA_pl_rad_e_err1": 0.40352331,
        "NEA_pl_rad_e_err2": -0.39231432,
        "NEA_pl_mass": 69.28659273,
        "NEA_ins_flux": 1258.0,
        "NEA_pl_eq_temp": 1657.0
    }
}