{
    "target": "TOI-329",
    "planet_name": "TOI-329 b",
    "from": "Transit (TESS)",
    "stellar": {
        "radius_Rsun": 1.61148,
        "mass_Msun": 0.98
    },
    "bls": {
        "period_days": 5.704212042120421,
        "t0": 2090.8104010442194,
        "depth": 0.000834315029675489,
        "duration_days": 0.15
    },
    "physical": {
        "planet_radius_Rearth": 5.077157461787149,
        "semi_major_axis_AU": 0.062059296483192625
    },
    "NEA": {
        "NEA_pl_name": "TOI-329 b",
        "NEA_st_host": "TOI-329",
        "NEA_st_Teff": 5614.0,
        "NEA_st_rad": 1.5326,
        "NEA_st_mass": 1.0678,
        "NEA_ra": 351.3210955,
        "NEA_dec": -15.6346313,
        "NEA_period_day": 5.70439,
        "NEA_a_au": 0.0638,
        "NEA_a_au_err1": 0.0012,
        "NEA_a_au_err2": 0.0012,
        "NEA_pl_rad_e:": 4.94057819,
        "NEA_pl_rad_e_err1": 0.29202617,
        "NEA_pl_rad_e_err2": -0.25614214,
        "NEA_pl_mass": 40.4,
        "NEA_ins_flux": NaN,
        "NEA_pl_eq_temp": 1213.02
    }
}