{
    "target": "TOI-3807",
    "planet_name": "TOI-3807 b",
    "from": "Transit (TESS)",
    "stellar": {
        "radius_Rsun": 1.46911,
        "mass_Msun": 1.07
    },
    "bls": {
        "period_days": 2.8989139891398916,
        "t0": 2583.4140367388304,
        "depth": 0.0026336982050406375,
        "duration_days": 0.05
    },
    "physical": {
        "planet_radius_Rearth": 8.223713996174649,
        "semi_major_axis_AU": 0.04069607527633282
    },
    "NEA": {
        "NEA_pl_name": "TOI-3807 b",
        "NEA_st_host": "TOI-3807",
        "NEA_st_Teff": 5772.0,
        "NEA_st_rad": 1.468,
        "NEA_st_mass": 1.181,
        "NEA_ra": 139.1125648,
        "NEA_dec": 69.0741284,
        "NEA_period_day": 2.8989727,
        "NEA_a_au": 0.0421,
        "NEA_a_au_err1": 0.0007,
        "NEA_a_au_err2": 0.0007,
        "NEA_pl_rad_e:": 18.49481816,
        "NEA_pl_rad_e_err1": NaN,
        "NEA_pl_rad_e_err2": NaN,
        "NEA_pl_mass": 330.54154328,
        "NEA_ins_flux": 1230.0,
        "NEA_pl_eq_temp": 1646.0
    }
}