{
    "target": "TOI-5388",
    "planet_name": "TOI-5388.01",
    "from": "Transit (TESS)",
    "stellar": {
        "radius_Rsun": 0.312985,
        "mass_Msun": 0.291486
    },
    "bls": {
        "period_days": 2.5947109471094714,
        "t0": 1870.6454593420267,
        "depth": 0.0005920701236273966,
        "duration_days": 0.05
    },
    "physical": {
        "planet_radius_Rearth": 0.8306934323303321,
        "semi_major_axis_AU": 0.024501891082131737
    },
    "NEA": {
        "NEA_pl_name": "TOI-5388.01",
        "NEA_st_host": "TOI-5388",
        "NEA_st_Teff": 3495.0,
        "NEA_st_rad": 0.31,
        "NEA_st_mass": 0.28572,
        "NEA_ra": 152.1765169,
        "NEA_dec": 35.5475571,
        "NEA_period_day": 2.594675,
        "NEA_a_au": 0.024335855,
        "NEA_a_au_err1": NaN,
        "NEA_a_au_err2": NaN,
        "NEA_pl_rad_e:": 1.89426,
        "NEA_pl_rad_e_err1": 0.558897,
        "NEA_pl_rad_e_err2": -0.558897,
        "NEA_pl_mass": NaN,
        "NEA_ins_flux": 3.3023,
        "NEA_pl_eq_temp": 601.35
    }
}