{
    "target": "TOI-1693",
    "planet_name": "TOI-1693 b",
    "from": "Transit (TESS)",
    "stellar": {
        "radius_Rsun": 0.46126,
        "mass_Msun": 0.4585
    },
    "bls": {
        "period_days": 1.7667326673266732,
        "t0": 1817.6595283820413,
        "depth": 0.0004856403992463328,
        "duration_days": 0.05
    },
    "physical": {
        "planet_radius_Rearth": 1.108750624989794,
        "semi_major_axis_AU": 0.02205437331391293
    },
    "NEA": {
        "NEA_pl_name": "TOI-1693 b",
        "NEA_st_host": "TOI-1693",
        "NEA_st_Teff": 3499.0,
        "NEA_st_rad": 0.46,
        "NEA_st_mass": 0.49,
        "NEA_ra": 90.3083455,
        "NEA_dec": 34.7730904,
        "NEA_period_day": 1.7666957,
        "NEA_a_au": 0.0226,
        "NEA_a_au_err1": 0.0004,
        "NEA_a_au_err2": 0.0004,
        "NEA_pl_rad_e:": 1.41,
        "NEA_pl_rad_e_err1": 0.1,
        "NEA_pl_rad_e_err2": -0.1,
        "NEA_pl_mass": NaN,
        "NEA_ins_flux": NaN,
        "NEA_pl_eq_temp": 764.0
    }
}