{
    "target": "TOI-4791",
    "planet_name": "TOI-4791 b",
    "from": "Transit (TESS)",
    "stellar": {
        "radius_Rsun": 1.49214,
        "mass_Msun": 1.093
    },
    "bls": {
        "period_days": 4.281282812828128,
        "t0": 3667.4127808058984,
        "depth": 0.005562145444481166,
        "duration_days": 0.1
    },
    "physical": {
        "planet_radius_Rearth": 12.138399375837695,
        "semi_major_axis_AU": 0.053152502219132536
    },
    "NEA": {
        "NEA_pl_name": "TOI-4791 b",
        "NEA_st_host": "TOI-4791",
        "NEA_st_Teff": 6058.0,
        "NEA_st_rad": 1.409,
        "NEA_st_mass": 1.242,
        "NEA_ra": 109.3883818,
        "NEA_dec": -19.8289392,
        "NEA_period_day": 4.28088,
        "NEA_a_au": 0.0555,
        "NEA_a_au_err1": 0.0011,
        "NEA_a_au_err2": 0.0011,
        "NEA_pl_rad_e:": 12.44196858,
        "NEA_pl_rad_e_err1": 0.56044903,
        "NEA_pl_rad_e_err2": -0.56044903,
        "NEA_pl_mass": 734.18362017,
        "NEA_ins_flux": 783.2,
        "NEA_pl_eq_temp": 1472.0
    }
}