{
    "target": "TOI-2641",
    "planet_name": "TOI-2641 b",
    "from": "Transit (TESS)",
    "stellar": {
        "radius_Rsun": 1.27132,
        "mass_Msun": 1.24
    },
    "bls": {
        "period_days": 4.880913809138091,
        "t0": 2283.4164377502607,
        "depth": 0.002325114820124792,
        "duration_days": 0.05
    },
    "physical": {
        "planet_radius_Rearth": 6.686637207951193,
        "semi_major_axis_AU": 0.06049818832774818
    },
    "NEA": {
        "NEA_pl_name": "TOI-2641 b",
        "NEA_st_host": "TOI-2641",
        "NEA_st_Teff": 6100.0,
        "NEA_st_rad": 1.336,
        "NEA_st_mass": 1.16,
        "NEA_ra": 171.1303716,
        "NEA_dec": -42.7321394,
        "NEA_period_day": 4.880974,
        "NEA_a_au": 0.0607,
        "NEA_a_au_err1": 0.0042,
        "NEA_a_au_err2": 0.0042,
        "NEA_pl_rad_e:": 18.10250383,
        "NEA_pl_rad_e_err1": 5.17854908,
        "NEA_pl_rad_e_err2": -7.17374765,
        "NEA_pl_mass": 122.6817651,
        "NEA_ins_flux": 602.0,
        "NEA_pl_eq_temp": 1387.0
    }
}