{
    "target": "TOI-1723",
    "planet_name": "TOI-1723 b",
    "from": "Transit (TESS)",
    "stellar": {
        "radius_Rsun": 1.08725,
        "mass_Msun": 1.035
    },
    "bls": {
        "period_days": 13.7269822698227,
        "t0": 1852.7027311070042,
        "depth": 0.0005371176955879377,
        "duration_days": 0.15
    },
    "physical": {
        "planet_radius_Rearth": 2.748494206769725,
        "semi_major_axis_AU": 0.11349181648284548
    },
    "NEA": {
        "NEA_pl_name": "TOI-1723 b",
        "NEA_st_host": "TOI-1723",
        "NEA_st_Teff": 5777.0,
        "NEA_st_rad": 1.09,
        "NEA_st_mass": 1.04,
        "NEA_ra": 116.7971978,
        "NEA_dec": 68.4766845,
        "NEA_period_day": 13.727012643,
        "NEA_a_au": 0.113496,
        "NEA_a_au_err1": 0.004471,
        "NEA_a_au_err2": 0.004471,
        "NEA_pl_rad_e:": 3.435,
        "NEA_pl_rad_e_err1": 0.244,
        "NEA_pl_rad_e_err2": -0.193,
        "NEA_pl_mass": NaN,
        "NEA_ins_flux": 92.36,
        "NEA_pl_eq_temp": 782.98
    }
}