{
    "target": "TOI-2842",
    "planet_name": "TOI-2842 b",
    "from": "Transit (TESS)",
    "stellar": {
        "radius_Rsun": 1.25674,
        "mass_Msun": 1.114
    },
    "bls": {
        "period_days": 3.5511955119551195,
        "t0": 3667.3233639905084,
        "depth": 0.007339665990662996,
        "duration_days": 0.1
    },
    "physical": {
        "planet_radius_Rearth": 11.743951953608622,
        "semi_major_axis_AU": 0.047222158483942255
    },
    "NEA": {
        "NEA_pl_name": "TOI-2842 b",
        "NEA_st_host": "TOI-2842",
        "NEA_st_Teff": 5910.0,
        "NEA_st_rad": 1.265,
        "NEA_st_mass": 1.135,
        "NEA_ra": 108.0442066,
        "NEA_dec": -10.63934,
        "NEA_period_day": 3.5514058,
        "NEA_a_au": 0.0475,
        "NEA_a_au_err1": 0.001,
        "NEA_a_au_err2": 0.001,
        "NEA_pl_rad_e:": 12.84549188,
        "NEA_pl_rad_e_err1": 0.57165802,
        "NEA_pl_rad_e_err2": -0.53803107,
        "NEA_pl_mass": 117.59651059,
        "NEA_ins_flux": 781.8,
        "NEA_pl_eq_temp": 1471.0
    }
}