{
    "target": "TOI-1244",
    "planet_name": "TOI-1244 b",
    "from": "Transit (TESS)",
    "stellar": {
        "radius_Rsun": 0.720551,
        "mass_Msun": 0.728
    },
    "bls": {
        "period_days": 6.400369003690037,
        "t0": 1684.9383803544813,
        "depth": 0.0007741662938579138,
        "duration_days": 0.1
    },
    "physical": {
        "planet_radius_Rearth": 2.1868174658375588,
        "semi_major_axis_AU": 0.0606896804332079
    },
    "NEA": {
        "NEA_pl_name": "TOI-1244 b",
        "NEA_st_host": "TOI-1244",
        "NEA_st_Teff": 4599.0,
        "NEA_st_rad": 0.721,
        "NEA_st_mass": 0.73,
        "NEA_ra": 256.279559,
        "NEA_dec": 69.519093,
        "NEA_period_day": 6.400316483,
        "NEA_a_au": 0.060694,
        "NEA_a_au_err1": 0.002247,
        "NEA_a_au_err2": 0.002247,
        "NEA_pl_rad_e:": 2.467,
        "NEA_pl_rad_e_err1": 0.24,
        "NEA_pl_rad_e_err2": -0.211,
        "NEA_pl_mass": NaN,
        "NEA_ins_flux": 56.63,
        "NEA_pl_eq_temp": 714.86
    }
}