{
    "target": "TOI-849",
    "planet_name": "TOI-849 b",
    "from": "Transit (TESS)",
    "stellar": {
        "radius_Rsun": 0.922861,
        "mass_Msun": 0.914
    },
    "bls": {
        "period_days": 0.7653976539765397,
        "t0": 3936.2710558230096,
        "depth": 0.0013419112827547316,
        "duration_days": 0.05
    },
    "physical": {
        "planet_radius_Rearth": 3.687473216956376,
        "semi_major_axis_AU": 0.01589185272943514
    },
    "NEA": {
        "NEA_pl_name": "TOI-849 b",
        "NEA_st_host": "TOI-849",
        "NEA_st_Teff": 5257.0,
        "NEA_st_rad": 0.97,
        "NEA_st_mass": 0.97,
        "NEA_ra": 28.7157956,
        "NEA_dec": -29.4217086,
        "NEA_period_day": 0.765548,
        "NEA_a_au": 0.0155,
        "NEA_a_au_err1": 0.0003,
        "NEA_a_au_err2": 0.0003,
        "NEA_pl_rad_e:": 3.64,
        "NEA_pl_rad_e_err1": 0.38,
        "NEA_pl_rad_e_err2": -0.38,
        "NEA_pl_mass": 41.8,
        "NEA_ins_flux": NaN,
        "NEA_pl_eq_temp": NaN
    }
}