{
    "target": "TOI-4010",
    "planet_name": "TOI-4010 b",
    "from": "Transit (TESS)",
    "stellar": {
        "radius_Rsun": 0.880213,
        "mass_Msun": 0.799
    },
    "bls": {
        "period_days": 1.3536685366853667,
        "t0": 2718.841768203029,
        "depth": 0.0011390993879909067,
        "duration_days": 0.1
    },
    "physical": {
        "planet_radius_Rearth": 3.240404800929077,
        "semi_major_axis_AU": 0.02222242922068211
    },
    "NEA": {
        "NEA_pl_name": "TOI-4010 b",
        "NEA_st_host": "TOI-4010",
        "NEA_st_Teff": 4960.0,
        "NEA_st_rad": 0.83,
        "NEA_st_mass": 0.88,
        "NEA_ra": 20.2148196,
        "NEA_dec": 66.0722009,
        "NEA_period_day": 1.348335,
        "NEA_a_au": 0.0229,
        "NEA_a_au_err1": 0.0002,
        "NEA_a_au_err2": -0.0002,
        "NEA_pl_rad_e:": 3.02,
        "NEA_pl_rad_e_err1": 0.08,
        "NEA_pl_rad_e_err2": -0.08,
        "NEA_pl_mass": 11.0,
        "NEA_ins_flux": 714.0,
        "NEA_pl_eq_temp": 1441.0
    }
}