{
    "target": "TOI-564",
    "planet_name": "TOI-564 b",
    "from": "Transit (TESS)",
    "stellar": {
        "radius_Rsun": 1.12196,
        "mass_Msun": 0.977
    },
    "bls": {
        "period_days": 1.6473914739147393,
        "t0": 1518.2232242113037,
        "depth": 0.0010803137822753548,
        "duration_days": 0.05
    },
    "physical": {
        "planet_radius_Rearth": 4.022379210462436,
        "semi_major_axis_AU": 0.027087179097066528
    },
    "NEA": {
        "NEA_pl_name": "TOI-564 b",
        "NEA_st_host": "TOI-564",
        "NEA_st_Teff": 5640.0,
        "NEA_st_rad": 1.088,
        "NEA_st_mass": 0.998,
        "NEA_ra": 130.2951535,
        "NEA_dec": -16.0363275,
        "NEA_period_day": 1.651144,
        "NEA_a_au": 0.02734,
        "NEA_a_au_err1": 0.00061,
        "NEA_a_au_err2": 0.00061,
        "NEA_pl_rad_e:": 11.43318,
        "NEA_pl_rad_e_err1": 7.95839,
        "NEA_pl_rad_e_err2": -3.25061,
        "NEA_pl_mass": 464.98529,
        "NEA_ins_flux": 1423.0,
        "NEA_pl_eq_temp": 1714.0
    }
}