{
    "target": "TOI-5301",
    "planet_name": "TOI-5301 b",
    "from": "Transit (TESS)",
    "stellar": {
        "radius_Rsun": 2.31424,
        "mass_Msun": 1.29
    },
    "bls": {
        "period_days": 5.858068580685807,
        "t0": 3208.9247259660183,
        "depth": 0.0025105618461821575,
        "duration_days": 0.15
    },
    "physical": {
        "planet_radius_Rearth": 12.648078059513178,
        "semi_major_axis_AU": 0.0692309971013846
    },
    "NEA": {
        "NEA_pl_name": "TOI-5301 b",
        "NEA_st_host": "TOI-5301",
        "NEA_st_Teff": 6240.0,
        "NEA_st_rad": 2.19,
        "NEA_st_mass": 1.483,
        "NEA_ra": 12.9908008,
        "NEA_dec": 13.0783712,
        "NEA_period_day": 5.858858,
        "NEA_a_au": 0.0726,
        "NEA_a_au_err1": 0.0013,
        "NEA_a_au_err2": 0.0013,
        "NEA_pl_rad_e:": 13.19297028,
        "NEA_pl_rad_e_err1": 0.88550948,
        "NEA_pl_rad_e_err2": -0.80704661,
        "NEA_pl_mass": 1160.07368555,
        "NEA_ins_flux": NaN,
        "NEA_pl_eq_temp": 1655.0
    }
}