{
    "target": "TOI-4153",
    "planet_name": "TOI-4153 b",
    "from": "Transit (TESS)",
    "stellar": {
        "radius_Rsun": 1.67219,
        "mass_Msun": 1.289
    },
    "bls": {
        "period_days": 4.617466174661747,
        "t0": 2746.364409224847,
        "depth": 0.004125533405948633,
        "duration_days": 0.2
    },
    "physical": {
        "planet_radius_Rearth": 11.715379333946236,
        "semi_major_axis_AU": 0.05905923759458027
    },
    "NEA": {
        "NEA_pl_name": "TOI-4153 b",
        "NEA_st_host": "TOI-4153",
        "NEA_st_Teff": 6860.0,
        "NEA_st_rad": 1.605,
        "NEA_st_mass": 1.572,
        "NEA_ra": 335.3934698,
        "NEA_dec": 82.2160792,
        "NEA_period_day": 4.6174141,
        "NEA_a_au": 0.06311,
        "NEA_a_au_err1": 0.00084,
        "NEA_a_au_err2": 0.00084,
        "NEA_pl_rad_e:": 16.11851425,
        "NEA_pl_rad_e_err1": 0.50440413,
        "NEA_pl_rad_e_err2": -0.47077719,
        "NEA_pl_mass": 365.50266805,
        "NEA_ins_flux": NaN,
        "NEA_pl_eq_temp": 1669.0
    }
}