{
    "target": "TOI-3912",
    "planet_name": "TOI-3912 b",
    "from": "Transit (TESS)",
    "stellar": {
        "radius_Rsun": 1.42275,
        "mass_Msun": 1.04
    },
    "bls": {
        "period_days": 3.4936699366993675,
        "t0": 2666.4060105404724,
        "depth": 0.007130231633983993,
        "duration_days": 0.15
    },
    "physical": {
        "planet_radius_Rearth": 13.104217502447757,
        "semi_major_axis_AU": 0.04565272900198668
    },
    "NEA": {
        "NEA_pl_name": "TOI-3912 b",
        "NEA_st_host": "TOI-3912",
        "NEA_st_Teff": 5725.0,
        "NEA_st_rad": 1.392,
        "NEA_st_mass": 1.088,
        "NEA_ra": 215.8014956,
        "NEA_dec": 24.0765639,
        "NEA_period_day": 3.4936264,
        "NEA_a_au": 0.0463,
        "NEA_a_au_err1": 0.0012,
        "NEA_a_au_err2": 0.0012,
        "NEA_pl_rad_e:": 14.28024141,
        "NEA_pl_rad_e_err1": 0.45956821,
        "NEA_pl_rad_e_err2": -0.44835923,
        "NEA_pl_mass": 129.03833324,
        "NEA_ins_flux": 872.2,
        "NEA_pl_eq_temp": 1512.0
    }
}