{
    "target": "TOI-2443",
    "planet_name": "TOI-2443 b",
    "from": "Transit (TESS)",
    "stellar": {
        "radius_Rsun": 0.732115,
        "mass_Msun": 0.66
    },
    "bls": {
        "period_days": 15.66647166471665,
        "t0": 2148.1053192294867,
        "depth": 0.0011782234611361618,
        "duration_days": 0.15
    },
    "physical": {
        "planet_radius_Rearth": 2.741093295694943,
        "semi_major_axis_AU": 0.10668331256176222
    },
    "NEA": {
        "NEA_pl_name": "TOI-2443 b",
        "NEA_st_host": "TOI-2443",
        "NEA_st_Teff": 4375.0,
        "NEA_st_rad": 0.631,
        "NEA_st_mass": 0.642,
        "NEA_ra": 40.1798608,
        "NEA_dec": 1.1996757,
        "NEA_period_day": 15.66858,
        "NEA_a_au": 0.105,
        "NEA_a_au_err1": 0.0025,
        "NEA_a_au_err2": 0.0025,
        "NEA_pl_rad_e:": 2.363,
        "NEA_pl_rad_e_err1": 0.066,
        "NEA_pl_rad_e_err2": -0.066,
        "NEA_pl_mass": 4.8,
        "NEA_ins_flux": NaN,
        "NEA_pl_eq_temp": 519.0
    }
}