{
    "target": "TOI-1268",
    "planet_name": "TOI-1268 b",
    "from": "Transit (TESS)",
    "stellar": {
        "radius_Rsun": 0.901802,
        "mass_Msun": 0.87
    },
    "bls": {
        "period_days": 8.157726577265773,
        "t0": 1711.7472068978834,
        "depth": 0.0025774776502549535,
        "duration_days": 0.15
    },
    "physical": {
        "planet_radius_Rearth": 4.993894087859038,
        "semi_major_axis_AU": 0.07571005521108275
    },
    "NEA": {
        "NEA_pl_name": "TOI-1268 b",
        "NEA_st_host": "TOI-1268",
        "NEA_st_Teff": 5257.0,
        "NEA_st_rad": 0.86,
        "NEA_st_mass": 0.9,
        "NEA_ra": 198.3885831,
        "NEA_dec": 62.3053799,
        "NEA_period_day": 8.157728,
        "NEA_a_au": 0.068,
        "NEA_a_au_err1": 0.002,
        "NEA_a_au_err2": 0.002,
        "NEA_pl_rad_e:": 8.37310858,
        "NEA_pl_rad_e_err1": 0.20176165,
        "NEA_pl_rad_e_err2": -0.20176165,
        "NEA_pl_mass": NaN,
        "NEA_ins_flux": NaN,
        "NEA_pl_eq_temp": 918.9
    }
}