{
    "target": "TOI-3819",
    "planet_name": "TOI-3819 b",
    "from": "Transit (TESS)",
    "stellar": {
        "radius_Rsun": 1.55859,
        "mass_Msun": 1.11
    },
    "bls": {
        "period_days": 3.2442624426244264,
        "t0": 2502.749161267081,
        "depth": 0.004631288654988275,
        "duration_days": 0.1
    },
    "physical": {
        "planet_radius_Rearth": 11.569470679470783,
        "semi_major_axis_AU": 0.044407128805535455
    },
    "NEA": {
        "NEA_pl_name": "TOI-3819 b",
        "NEA_st_host": "TOI-3819",
        "NEA_st_Teff": 5859.0,
        "NEA_st_rad": 1.538,
        "NEA_st_mass": 1.242,
        "NEA_ra": 121.8632568,
        "NEA_dec": 29.3886446,
        "NEA_period_day": 3.2443141,
        "NEA_a_au": 0.04611,
        "NEA_a_au_err1": 0.00069,
        "NEA_a_au_err2": 0.00069,
        "NEA_pl_rad_e:": 13.13692538,
        "NEA_pl_rad_e_err1": 0.40352331,
        "NEA_pl_rad_e_err2": -0.39231432,
        "NEA_pl_mass": 352.78953177,
        "NEA_ins_flux": 1186.0,
        "NEA_pl_eq_temp": 1633.0
    }
}