{
    "target": "TOI-1431",
    "planet_name": "TOI-1431 b",
    "from": "Transit (TESS)",
    "stellar": {
        "radius_Rsun": 1.93656,
        "mass_Msun": 1.758
    },
    "bls": {
        "period_days": 2.6502865028650286,
        "t0": 1712.6420163050618,
        "depth": 0.0010127796043988282,
        "duration_days": 0.1
    },
    "physical": {
        "planet_radius_Rearth": 6.722318880319228,
        "semi_major_axis_AU": 0.04523444042034711
    },
    "NEA": {
        "NEA_pl_name": "TOI-1431 b",
        "NEA_st_host": "TOI-1431",
        "NEA_st_Teff": 7690.0,
        "NEA_st_rad": 1.92,
        "NEA_st_mass": 1.9,
        "NEA_ra": 316.2036922,
        "NEA_dec": 55.5880221,
        "NEA_period_day": 2.650237,
        "NEA_a_au": 0.046,
        "NEA_a_au_err1": 0.002,
        "NEA_a_au_err2": 0.002,
        "NEA_pl_rad_e:": 16.70138124,
        "NEA_pl_rad_e_err1": 0.56044903,
        "NEA_pl_rad_e_err2": -0.56044903,
        "NEA_pl_mass": 991.62462984,
        "NEA_ins_flux": 5300.0,
        "NEA_pl_eq_temp": 2370.0
    }
}