{
    "target": "TOI-4379",
    "planet_name": "TOI-4379 b",
    "from": "Transit (TESS)",
    "stellar": {
        "radius_Rsun": 2.06072,
        "mass_Msun": 1.27
    },
    "bls": {
        "period_days": 3.2536225362253623,
        "t0": 2363.347340387757,
        "depth": 0.004711497885908336,
        "duration_days": 0.2
    },
    "physical": {
        "planet_radius_Rearth": 15.428693998025972,
        "semi_major_axis_AU": 0.046535073127976424
    },
    "NEA": {
        "NEA_pl_name": "TOI-4379 b",
        "NEA_st_host": "TOI-4379",
        "NEA_st_Teff": 6020.0,
        "NEA_st_rad": 1.976,
        "NEA_st_mass": 1.372,
        "NEA_ra": 252.0478813,
        "NEA_dec": -32.4337532,
        "NEA_period_day": 3.25352,
        "NEA_a_au": NaN,
        "NEA_a_au_err1": NaN,
        "NEA_a_au_err2": NaN,
        "NEA_pl_rad_e:": 16.69017226,
        "NEA_pl_rad_e_err1": 0.88550948,
        "NEA_pl_rad_e_err2": -0.88550948,
        "NEA_pl_mass": 353.74301699,
        "NEA_ins_flux": NaN,
        "NEA_pl_eq_temp": NaN
    }
}