{
    "target": "TOI-1743",
    "planet_name": "TOI-1743 b",
    "from": "Transit (TESS)",
    "stellar": {
        "radius_Rsun": 0.320089,
        "mass_Msun": 0.299659
    },
    "bls": {
        "period_days": 4.266072660726607,
        "t0": 1713.4193542219443,
        "depth": 0.0011589582302456534,
        "duration_days": 0.05
    },
    "physical": {
        "planet_radius_Rearth": 1.1885988914935715,
        "semi_major_axis_AU": 0.03444786597505173
    },
    "NEA": {
        "NEA_pl_name": "TOI-1743 b",
        "NEA_st_host": "TOI-1743",
        "NEA_st_Teff": 3277.0,
        "NEA_st_rad": 0.338,
        "NEA_st_mass": 0.339,
        "NEA_ra": 257.7473322,
        "NEA_dec": 71.8722039,
        "NEA_period_day": 4.266046,
        "NEA_a_au": 0.03589,
        "NEA_a_au_err1": 0.00092,
        "NEA_a_au_err2": 0.00092,
        "NEA_pl_rad_e:": 1.83,
        "NEA_pl_rad_e_err1": 0.11,
        "NEA_pl_rad_e_err2": -0.1,
        "NEA_pl_mass": NaN,
        "NEA_ins_flux": NaN,
        "NEA_pl_eq_temp": 485.0
    }
}