{
    "target": "TOI-4495",
    "planet_name": "TOI-4495.01",
    "from": "Transit (TESS)",
    "stellar": {
        "radius_Rsun": 1.34071,
        "mass_Msun": 1.171
    },
    "bls": {
        "period_days": 5.183361833618337,
        "t0": 1687.8119031714266,
        "depth": 0.000679058069848059,
        "duration_days": 0.1
    },
    "physical": {
        "planet_radius_Rearth": 3.8108248212557716,
        "semi_major_axis_AU": 0.061781867462003495
    },
    "NEA": {
        "NEA_pl_name": "TOI-4495.01",
        "NEA_st_host": "TOI-4495",
        "NEA_st_Teff": 6156.0,
        "NEA_st_rad": 1.34,
        "NEA_st_mass": 1.168817,
        "NEA_ra": 286.3624951,
        "NEA_dec": 37.0259902,
        "NEA_period_day": 5.1830043,
        "NEA_a_au": 0.061732577,
        "NEA_a_au_err1": NaN,
        "NEA_a_au_err2": NaN,
        "NEA_pl_rad_e:": 3.63045,
        "NEA_pl_rad_e_err1": 0.2078,
        "NEA_pl_rad_e_err2": -0.2078,
        "NEA_pl_mass": NaN,
        "NEA_ins_flux": 346.626,
        "NEA_pl_eq_temp": 1382.67
    }
}