{
    "target": "TOI-5882",
    "planet_name": "TOI-5882 b",
    "from": "Transit (TESS)",
    "stellar": {
        "radius_Rsun": 2.34691,
        "mass_Msun": 1.017
    },
    "bls": {
        "period_days": 7.150541505415053,
        "t0": 3340.7866436005957,
        "depth": 0.0015787780341755433,
        "duration_days": 0.25
    },
    "physical": {
        "planet_radius_Rearth": 10.171562040608503,
        "semi_major_axis_AU": 0.07304670899504653
    },
    "NEA": {
        "NEA_pl_name": "TOI-5882 b",
        "NEA_st_host": "TOI-5882",
        "NEA_st_Teff": 5920.0,
        "NEA_st_rad": 2.26,
        "NEA_st_mass": 1.334,
        "NEA_ra": 311.8886385,
        "NEA_dec": 34.7374918,
        "NEA_period_day": 7.148972,
        "NEA_a_au": 0.0804,
        "NEA_a_au_err1": 0.0011,
        "NEA_a_au_err2": 0.0011,
        "NEA_pl_rad_e:": 11.46678726,
        "NEA_pl_rad_e_err1": 0.50440413,
        "NEA_pl_rad_e_err2": -0.42594127,
        "NEA_pl_mass": 6995.40323807,
        "NEA_ins_flux": NaN,
        "NEA_pl_eq_temp": 1515.0
    }
}