{
    "target": "TOI-5205",
    "planet_name": "TOI-5205 b",
    "from": "Transit (TESS)",
    "stellar": {
        "radius_Rsun": 0.397586,
        "mass_Msun": 0.388752
    },
    "bls": {
        "period_days": 1.6306213062130621,
        "t0": 3534.4473622468345,
        "depth": 0.04579012402044694,
        "duration_days": 0.05
    },
    "physical": {
        "planet_radius_Rearth": 9.279993511012064,
        "semi_major_axis_AU": 0.01978764009214514
    },
    "NEA": {
        "NEA_pl_name": "TOI-5205 b",
        "NEA_st_host": "TOI-5205",
        "NEA_st_Teff": 3430.0,
        "NEA_st_rad": 0.394,
        "NEA_st_mass": 0.392,
        "NEA_ra": 313.7706819,
        "NEA_dec": 24.360977,
        "NEA_period_day": 1.630757,
        "NEA_a_au": 0.0199,
        "NEA_a_au_err1": 0.0002,
        "NEA_a_au_err2": 0.0002,
        "NEA_pl_rad_e:": 11.6,
        "NEA_pl_rad_e_err1": 0.3,
        "NEA_pl_rad_e_err2": -0.3,
        "NEA_pl_mass": 343.0,
        "NEA_ins_flux": 49.0,
        "NEA_pl_eq_temp": 737.0
    }
}