{
    "target": "TOI-2328",
    "planet_name": "TOI-2328 b",
    "from": "Transit (TESS)",
    "stellar": {
        "radius_Rsun": 0.932732,
        "mass_Msun": 0.94
    },
    "bls": {
        "period_days": 17.102076020760208,
        "t0": 2048.7657431024245,
        "depth": 0.008731440237143472,
        "duration_days": 0.1
    },
    "physical": {
        "planet_radius_Rearth": 9.506715533797633,
        "semi_major_axis_AU": 0.12725540036129215
    },
    "NEA": {
        "NEA_pl_name": "TOI-2328 b",
        "NEA_st_host": "TOI-2328",
        "NEA_st_Teff": 5525.0,
        "NEA_st_rad": 0.9,
        "NEA_st_mass": 0.95,
        "NEA_ra": 31.6907424,
        "NEA_dec": -81.247376,
        "NEA_period_day": 17.10197,
        "NEA_a_au": 0.127,
        "NEA_a_au_err1": 0.006,
        "NEA_a_au_err2": 0.006,
        "NEA_pl_rad_e:": 9.97599282,
        "NEA_pl_rad_e_err1": 0.33626942,
        "NEA_pl_rad_e_err2": -0.44835923,
        "NEA_pl_mass": 50.85254512,
        "NEA_ins_flux": NaN,
        "NEA_pl_eq_temp": 842.0
    }
}