{
    "target": "TOI-262",
    "planet_name": "TOI-262 b",
    "from": "Transit (TESS)",
    "stellar": {
        "radius_Rsun": 0.848675,
        "mass_Msun": 0.91
    },
    "bls": {
        "period_days": 11.145351453514536,
        "t0": 1389.8252097341249,
        "depth": 0.00038023928724529357,
        "duration_days": 0.05
    },
    "physical": {
        "planet_radius_Rearth": 1.8050971557533722,
        "semi_major_axis_AU": 0.09462604560438269
    },
    "NEA": {
        "NEA_pl_name": "TOI-262 b",
        "NEA_st_host": "TOI-262",
        "NEA_st_Teff": 5310.0,
        "NEA_st_rad": 0.853,
        "NEA_st_mass": 0.913,
        "NEA_ra": 32.534687,
        "NEA_dec": -31.0706272,
        "NEA_period_day": 11.14529,
        "NEA_a_au": 0.163,
        "NEA_a_au_err1": 0.002,
        "NEA_a_au_err2": 0.002,
        "NEA_pl_rad_e:": 2.07,
        "NEA_pl_rad_e_err1": 0.15,
        "NEA_pl_rad_e_err2": -0.15,
        "NEA_pl_mass": NaN,
        "NEA_ins_flux": NaN,
        "NEA_pl_eq_temp": 584.0
    }
}