{
    "target": "TOI-4638",
    "planet_name": "TOI-4638.01",
    "from": "Transit (TESS)",
    "stellar": {
        "radius_Rsun": 0.894563,
        "mass_Msun": 1.015
    },
    "bls": {
        "period_days": 10.283832838328383,
        "t0": 2449.35486544346,
        "depth": 0.0007080973640880726,
        "duration_days": 0.15
    },
    "physical": {
        "planet_radius_Rearth": 2.596498640076239,
        "semi_major_axis_AU": 0.09300930558206624
    },
    "NEA": {
        "NEA_pl_name": "TOI-4638.01",
        "NEA_st_host": "TOI-4638",
        "NEA_st_Teff": 5700.0,
        "NEA_st_rad": 0.895,
        "NEA_st_mass": 1.02,
        "NEA_ra": 12.8206627,
        "NEA_dec": 12.7879858,
        "NEA_period_day": 10.283918787,
        "NEA_a_au": 0.093013,
        "NEA_a_au_err1": 0.003839,
        "NEA_a_au_err2": 0.003839,
        "NEA_pl_rad_e:": 2.933,
        "NEA_pl_rad_e_err1": 0.376,
        "NEA_pl_rad_e_err2": -0.245,
        "NEA_pl_mass": NaN,
        "NEA_ins_flux": 87.81,
        "NEA_pl_eq_temp": NaN
    }
}