{
    "target": "TOI-2109",
    "planet_name": "TOI-2109 b",
    "from": "Transit (TESS)",
    "stellar": {
        "radius_Rsun": 1.69968,
        "mass_Msun": 1.399
    },
    "bls": {
        "period_days": 0.6712117121171212,
        "t0": 2718.7848602766903,
        "depth": 0.002132415463611659,
        "duration_days": 0.1
    },
    "physical": {
        "planet_radius_Rearth": 8.56118249855408,
        "semi_major_axis_AU": 0.01677953691301536
    },
    "NEA": {
        "NEA_pl_name": "TOI-2109 b",
        "NEA_st_host": "TOI-2109",
        "NEA_st_Teff": 6540.0,
        "NEA_st_rad": 1.698,
        "NEA_st_mass": 1.453,
        "NEA_ra": 253.1862971,
        "NEA_dec": 16.5799153,
        "NEA_period_day": 0.67247414,
        "NEA_a_au": 0.01791,
        "NEA_a_au_err1": 0.00065,
        "NEA_a_au_err2": 0.00065,
        "NEA_pl_rad_e:": 15.098497,
        "NEA_pl_rad_e_err1": 0.52682209,
        "NEA_pl_rad_e_err2": -0.52682209,
        "NEA_pl_mass": 1595.49860314,
        "NEA_ins_flux": NaN,
        "NEA_pl_eq_temp": 3646.0
    }
}