{
    "target": "TOI-2570",
    "planet_name": "TOI-2570 b",
    "from": "Transit (TESS)",
    "stellar": {
        "radius_Rsun": 1.12141,
        "mass_Msun": 1.0
    },
    "bls": {
        "period_days": 2.988809888098881,
        "t0": 2500.734571318761,
        "depth": 0.013261280378041196,
        "duration_days": 0.1
    },
    "physical": {
        "planet_radius_Rearth": 14.08600481191262,
        "semi_major_axis_AU": 0.04060690688546423
    },
    "NEA": {
        "NEA_pl_name": "TOI-2570 b",
        "NEA_st_host": "TOI-2570",
        "NEA_st_Teff": 5771.0,
        "NEA_st_rad": 1.095,
        "NEA_st_mass": 1.063,
        "NEA_ra": 87.1880397,
        "NEA_dec": 32.0840435,
        "NEA_period_day": 2.9887615,
        "NEA_a_au": 0.04145,
        "NEA_a_au_err1": 0.00081,
        "NEA_a_au_err2": 0.00081,
        "NEA_pl_rad_e:": 13.64132951,
        "NEA_pl_rad_e_err1": 0.39231432,
        "NEA_pl_rad_e_err2": -0.38110534,
        "NEA_pl_mass": 260.61929374,
        "NEA_ins_flux": 699.0,
        "NEA_pl_eq_temp": 1431.0
    }
}