{
    "target": "TOI-470",
    "planet_name": "TOI-470 b",
    "from": "Transit (TESS)",
    "stellar": {
        "radius_Rsun": 0.840971,
        "mass_Msun": 0.862
    },
    "bls": {
        "period_days": 12.191341913419134,
        "t0": 1474.5007963547673,
        "depth": 0.0020049280546410014,
        "duration_days": 0.1
    },
    "physical": {
        "planet_radius_Rearth": 4.107344169980114,
        "semi_major_axis_AU": 0.09865925044840944
    },
    "NEA": {
        "NEA_pl_name": "TOI-470 b",
        "NEA_st_host": "TOI-470",
        "NEA_st_Teff": 5190.0,
        "NEA_st_rad": 0.831,
        "NEA_st_mass": 0.87,
        "NEA_ra": 94.0099043,
        "NEA_dec": -25.0314111,
        "NEA_period_day": 12.19148,
        "NEA_a_au": 0.119,
        "NEA_a_au_err1": 0.008,
        "NEA_a_au_err2": 0.008,
        "NEA_pl_rad_e:": 4.34,
        "NEA_pl_rad_e_err1": 0.29,
        "NEA_pl_rad_e_err2": -0.29,
        "NEA_pl_mass": NaN,
        "NEA_ins_flux": NaN,
        "NEA_pl_eq_temp": 660.0
    }
}