{
    "target": "TOI-871",
    "planet_name": "TOI-871 b",
    "from": "Transit (TESS)",
    "stellar": {
        "radius_Rsun": 0.732189,
        "mass_Msun": 0.81
    },
    "bls": {
        "period_days": 14.362883628836288,
        "t0": 1417.0391417807082,
        "depth": 0.00047458725107899966,
        "duration_days": 0.1
    },
    "physical": {
        "planet_radius_Rearth": 1.7398504226774212,
        "semi_major_axis_AU": 0.10779298109543682
    },
    "NEA": {
        "NEA_pl_name": "TOI-871 b",
        "NEA_st_host": "TOI-871",
        "NEA_st_Teff": 4929.0,
        "NEA_st_rad": 0.719,
        "NEA_st_mass": 0.758,
        "NEA_ra": 74.7376264,
        "NEA_dec": -50.6274153,
        "NEA_period_day": 14.362565,
        "NEA_a_au": 0.1054,
        "NEA_a_au_err1": 0.0021,
        "NEA_a_au_err2": 0.0021,
        "NEA_pl_rad_e:": 1.664,
        "NEA_pl_rad_e_err1": 0.114,
        "NEA_pl_rad_e_err2": -0.113,
        "NEA_pl_mass": NaN,
        "NEA_ins_flux": 24.78,
        "NEA_pl_eq_temp": 621.0
    }
}