{
    "target": "TOI-5344",
    "planet_name": "TOI-5344 b",
    "from": "Transit (TESS)",
    "stellar": {
        "radius_Rsun": 0.583413,
        "mass_Msun": 0.57434
    },
    "bls": {
        "period_days": 3.7924129241292412,
        "t0": 3235.8361241244834,
        "depth": 0.025322976432428316,
        "duration_days": 0.05
    },
    "physical": {
        "planet_radius_Rearth": 10.126611683513046,
        "semi_major_axis_AU": 0.03956105049906991
    },
    "NEA": {
        "NEA_pl_name": "TOI-5344 b",
        "NEA_st_host": "TOI-5344",
        "NEA_st_Teff": 3747.0,
        "NEA_st_rad": 0.588,
        "NEA_st_mass": 0.612,
        "NEA_ra": 63.2662165,
        "NEA_dec": 20.9151568,
        "NEA_period_day": 3.792622,
        "NEA_a_au": 0.04041,
        "NEA_a_au_err1": 0.00075,
        "NEA_a_au_err2": 0.00075,
        "NEA_pl_rad_e:": 10.60369574,
        "NEA_pl_rad_e_err1": 0.23538859,
        "NEA_pl_rad_e_err2": -0.23538859,
        "NEA_pl_mass": 130.94530368,
        "NEA_ins_flux": 38.0,
        "NEA_pl_eq_temp": 689.0
    }
}