{
    "target": "TOI-2992",
    "planet_name": "TOI-2992 b",
    "from": "Transit (TESS)",
    "stellar": {
        "radius_Rsun": 1.54367,
        "mass_Msun": 1.11
    },
    "bls": {
        "period_days": 3.007725077250773,
        "t0": 3014.898232262211,
        "depth": 0.005984686461170556,
        "duration_days": 0.15
    },
    "physical": {
        "planet_radius_Rearth": 13.02584315801631,
        "semi_major_axis_AU": 0.04222154612545461
    },
    "NEA": {
        "NEA_pl_name": "TOI-2992 b",
        "NEA_st_host": "TOI-2992",
        "NEA_st_Teff": 6000.0,
        "NEA_st_rad": 1.545,
        "NEA_st_mass": 1.21,
        "NEA_ra": 164.3165643,
        "NEA_dec": -32.3224375,
        "NEA_period_day": 3.007812,
        "NEA_a_au": 0.0434,
        "NEA_a_au_err1": 0.0009,
        "NEA_a_au_err2": 0.0009,
        "NEA_pl_rad_e:": 13.75341932,
        "NEA_pl_rad_e_err1": 0.50440413,
        "NEA_pl_rad_e_err2": -0.50440413,
        "NEA_pl_mass": 1058.36859531,
        "NEA_ins_flux": 1484.0,
        "NEA_pl_eq_temp": 1726.0
    }
}