{
    "target": "TOI-5082",
    "planet_name": "TOI-5082.01",
    "from": "Transit (TESS)",
    "stellar": {
        "radius_Rsun": 0.934718,
        "mass_Msun": 1.01
    },
    "bls": {
        "period_days": 8.48318483184832,
        "t0": 2504.4664876104184,
        "depth": 0.0004507737756218875,
        "duration_days": 0.33
    },
    "physical": {
        "planet_radius_Rearth": 2.1646645579764434,
        "semi_major_axis_AU": 0.08167342965308494
    },
    "NEA": {
        "NEA_pl_name": "TOI-5082.01",
        "NEA_st_host": "TOI-5082",
        "NEA_st_Teff": 5670.0,
        "NEA_st_rad": 0.93,
        "NEA_st_mass": 0.99665,
        "NEA_ra": 106.569578,
        "NEA_dec": 22.6831477,
        "NEA_period_day": 4.240122,
        "NEA_a_au": 0.051204842,
        "NEA_a_au_err1": NaN,
        "NEA_a_au_err2": NaN,
        "NEA_pl_rad_e:": 2.54811,
        "NEA_pl_rad_e_err1": 0.129562,
        "NEA_pl_rad_e_err2": -0.129562,
        "NEA_pl_mass": NaN,
        "NEA_ins_flux": 254.588,
        "NEA_pl_eq_temp": 1164.91
    }
}