{
    "target": "TOI-1811",
    "planet_name": "TOI-1811 b",
    "from": "Transit (TESS)",
    "stellar": {
        "radius_Rsun": 0.812087,
        "mass_Msun": 0.756
    },
    "bls": {
        "period_days": 3.7130471304713053,
        "t0": 1903.5730904522159,
        "depth": 0.0047340883333728935,
        "duration_days": 0.05
    },
    "physical": {
        "planet_radius_Rearth": 6.094687130813189,
        "semi_major_axis_AU": 0.04274926200686137
    },
    "NEA": {
        "NEA_pl_name": "TOI-1811 b",
        "NEA_st_host": "TOI-1811",
        "NEA_st_Teff": 4766.0,
        "NEA_st_rad": 0.769,
        "NEA_st_mass": 0.817,
        "NEA_ra": 188.9223576,
        "NEA_dec": 27.2143766,
        "NEA_period_day": 3.7130765,
        "NEA_a_au": 0.04389,
        "NEA_a_au_err1": 0.00058,
        "NEA_a_au_err2": 0.00058,
        "NEA_pl_rad_e:": 11.14172682,
        "NEA_pl_rad_e_err1": 0.28022452,
        "NEA_pl_rad_e_err2": -0.25780656,
        "NEA_pl_mass": 308.9292116,
        "NEA_ins_flux": NaN,
        "NEA_pl_eq_temp": 962.2
    }
}