{
    "target": "TOI-2010",
    "planet_name": "TOI-2010 b",
    "from": "Transit (TESS)",
    "stellar": {
        "radius_Rsun": 1.07352,
        "mass_Msun": 1.054
    },
    "bls": {
        "period_days": 10.241127411274112,
        "t0": 1687.1754643552786,
        "depth": 0.00016482137388903445,
        "duration_days": 0.33
    },
    "physical": {
        "planet_radius_Rearth": 1.5033066690178538,
        "semi_major_axis_AU": 0.09392468888661888
    },
    "NEA": {
        "NEA_pl_name": "TOI-2010 b",
        "NEA_st_host": "TOI-2010",
        "NEA_st_Teff": 5929.0,
        "NEA_st_rad": 1.079,
        "NEA_st_mass": 1.112,
        "NEA_ra": 292.1669417,
        "NEA_dec": 53.4873694,
        "NEA_period_day": 141.834025,
        "NEA_a_au": 0.5516,
        "NEA_a_au_err1": 0.0078,
        "NEA_a_au_err2": 0.0078,
        "NEA_pl_rad_e:": 11.81426566,
        "NEA_pl_rad_e_err1": 0.30264248,
        "NEA_pl_rad_e_err2": -0.30264248,
        "NEA_pl_mass": 408.7273314,
        "NEA_ins_flux": 4.09,
        "NEA_pl_eq_temp": 400.2
    }
}