{
    "target": "TOI-261",
    "planet_name": "TOI-261.01",
    "from": "Transit (TESS)",
    "stellar": {
        "radius_Rsun": 1.28018,
        "mass_Msun": 1.069
    },
    "bls": {
        "period_days": 19.795442954429546,
        "t0": 1389.7260719637839,
        "depth": 0.0007013071579179612,
        "duration_days": 0.2
    },
    "physical": {
        "planet_radius_Rearth": 3.6979058787124437,
        "semi_major_axis_AU": 0.14643237285290908
    },
    "NEA": {
        "NEA_pl_name": "TOI-261.01",
        "NEA_st_host": "TOI-261",
        "NEA_st_Teff": 5890.3,
        "NEA_st_rad": 1.28018,
        "NEA_st_mass": 0.496728,
        "NEA_ra": 15.2181412,
        "NEA_dec": -24.4239934,
        "NEA_period_day": 3.3639254,
        "NEA_a_au": 0.034792189,
        "NEA_a_au_err1": NaN,
        "NEA_a_au_err2": NaN,
        "NEA_pl_rad_e:": 3.0449863,
        "NEA_pl_rad_e_err1": 0.2114907,
        "NEA_pl_rad_e_err2": -0.2114907,
        "NEA_pl_mass": NaN,
        "NEA_ins_flux": 874.7956,
        "NEA_pl_eq_temp": 1722.49
    }
}