{
    "target": "TOI-2364",
    "planet_name": "TOI-2364 b",
    "from": "Transit (TESS)",
    "stellar": {
        "radius_Rsun": 0.937166,
        "mass_Msun": 0.888
    },
    "bls": {
        "period_days": 4.019590195901959,
        "t0": 3666.111957761622,
        "depth": 0.006634939264458652,
        "duration_days": 0.1
    },
    "physical": {
        "planet_radius_Rearth": 8.326561216187818,
        "semi_major_axis_AU": 0.047554675533173926
    },
    "NEA": {
        "NEA_pl_name": "TOI-2364 b",
        "NEA_st_host": "TOI-2364",
        "NEA_st_Teff": 5306.0,
        "NEA_st_rad": 0.886,
        "NEA_st_mass": 0.954,
        "NEA_ra": 89.1300265,
        "NEA_dec": -5.0120298,
        "NEA_period_day": 4.0197517,
        "NEA_a_au": 0.04871,
        "NEA_a_au_err1": 0.00069,
        "NEA_a_au_err2": 0.00069,
        "NEA_pl_rad_e:": 8.60849718,
        "NEA_pl_rad_e_err1": 0.25780656,
        "NEA_pl_rad_e_err2": -0.20176165,
        "NEA_pl_mass": 71.51139158,
        "NEA_ins_flux": 237.0,
        "NEA_pl_eq_temp": 1091.0
    }
}