{
    "target": "TOI-1794",
    "planet_name": "TOI-1794 b",
    "from": "Transit (TESS)",
    "stellar": {
        "radius_Rsun": 1.29921,
        "mass_Msun": 1.017
    },
    "bls": {
        "period_days": 8.765547655476555,
        "t0": 1715.3070137665895,
        "depth": 0.00046111566731037385,
        "duration_days": 0.15
    },
    "physical": {
        "planet_radius_Rearth": 3.0430912350366968,
        "semi_major_axis_AU": 0.08366825984123455
    },
    "NEA": {
        "NEA_pl_name": "TOI-1794 b",
        "NEA_st_host": "TOI-1794",
        "NEA_st_Teff": 5631.0,
        "NEA_st_rad": 1.3162,
        "NEA_st_mass": 0.9698,
        "NEA_ra": 203.3974857,
        "NEA_dec": 49.0608433,
        "NEA_period_day": 8.765528,
        "NEA_a_au": 0.082,
        "NEA_a_au_err1": 0.002,
        "NEA_a_au_err2": 0.002,
        "NEA_pl_rad_e:": 3.29701268,
        "NEA_pl_rad_e_err1": 0.16656615,
        "NEA_pl_rad_e_err2": -0.13651409,
        "NEA_pl_mass": 8.7,
        "NEA_ins_flux": NaN,
        "NEA_pl_eq_temp": 992.91
    }
}