{
    "target": "TOI-1648",
    "planet_name": "TOI-1648 b",
    "from": "Transit (TESS)",
    "stellar": {
        "radius_Rsun": 0.844876,
        "mass_Msun": 0.78
    },
    "bls": {
        "period_days": 7.331503315033151,
        "t0": 2720.05663383856,
        "depth": 0.0006514546531316181,
        "duration_days": 0.05
    },
    "physical": {
        "planet_radius_Rearth": 2.352153975830386,
        "semi_major_axis_AU": 0.06798732278399579
    },
    "NEA": {
        "NEA_pl_name": "TOI-1648 b",
        "NEA_st_host": "TOI-1648",
        "NEA_st_Teff": 4850.0,
        "NEA_st_rad": 0.81,
        "NEA_st_mass": 0.83,
        "NEA_ra": 45.4011794,
        "NEA_dec": 69.2299235,
        "NEA_period_day": 7.331602,
        "NEA_a_au": 0.0694,
        "NEA_a_au_err1": 0.0016,
        "NEA_a_au_err2": 0.0016,
        "NEA_pl_rad_e:": 2.54,
        "NEA_pl_rad_e_err1": 0.14,
        "NEA_pl_rad_e_err2": -0.12,
        "NEA_pl_mass": 7.4,
        "NEA_ins_flux": NaN,
        "NEA_pl_eq_temp": 799.0
    }
}