{
    "target": "TOI-5704",
    "planet_name": "TOI-5704 b",
    "from": "Transit (TESS)",
    "stellar": {
        "radius_Rsun": 0.757521,
        "mass_Msun": 0.73
    },
    "bls": {
        "period_days": 14.90167401674017,
        "t0": 1909.436207218588,
        "depth": 0.0015989710231361614,
        "duration_days": 0.33
    },
    "physical": {
        "planet_radius_Rearth": 3.3040427114766038,
        "semi_major_axis_AU": 0.10670842452167216
    },
    "NEA": {
        "NEA_pl_name": "TOI-5704 b",
        "NEA_st_host": "TOI-5704",
        "NEA_st_Teff": 4590.0,
        "NEA_st_rad": 0.7575,
        "NEA_st_mass": 0.73,
        "NEA_ra": 169.8248694,
        "NEA_dec": 44.9890782,
        "NEA_period_day": 3.771116,
        "NEA_a_au": NaN,
        "NEA_a_au_err1": NaN,
        "NEA_a_au_err2": NaN,
        "NEA_pl_rad_e:": 3.2274,
        "NEA_pl_rad_e_err1": 0.1873,
        "NEA_pl_rad_e_err2": -0.1398,
        "NEA_pl_mass": NaN,
        "NEA_ins_flux": NaN,
        "NEA_pl_eq_temp": 949.07
    }
}