{
    "target": "TOI-1467",
    "planet_name": "TOI-1467 b",
    "from": "Transit (TESS)",
    "stellar": {
        "radius_Rsun": 0.490737,
        "mass_Msun": 0.488826
    },
    "bls": {
        "period_days": 5.971169711697117,
        "t0": 1766.9886151186315,
        "depth": 0.00118974570063455,
        "duration_days": 0.05
    },
    "physical": {
        "planet_radius_Rearth": 1.8463182176903272,
        "semi_major_axis_AU": 0.05074096912001046
    },
    "NEA": {
        "NEA_pl_name": "TOI-1467 b",
        "NEA_st_host": "TOI-1467",
        "NEA_st_Teff": 3810.0,
        "NEA_st_rad": 0.472,
        "NEA_st_mass": 0.498,
        "NEA_ra": 19.1146441,
        "NEA_dec": 49.2331382,
        "NEA_period_day": 5.971143,
        "NEA_a_au": 0.051,
        "NEA_a_au_err1": 0.0009,
        "NEA_a_au_err2": 0.0009,
        "NEA_pl_rad_e:": 1.833,
        "NEA_pl_rad_e_err1": 0.159,
        "NEA_pl_rad_e_err2": -0.156,
        "NEA_pl_mass": NaN,
        "NEA_ins_flux": 16.27,
        "NEA_pl_eq_temp": 558.89
    }
}