{
    "target": "TOI-4137",
    "planet_name": "TOI-4137 b",
    "from": "Transit (TESS)",
    "stellar": {
        "radius_Rsun": 1.46664,
        "mass_Msun": 1.21
    },
    "bls": {
        "period_days": 3.8015780157801577,
        "t0": 2720.3818384585593,
        "depth": 0.006526513273824822,
        "duration_days": 0.1
    },
    "physical": {
        "planet_radius_Rearth": 12.923936559181493,
        "semi_major_axis_AU": 0.05079708338633889
    },
    "NEA": {
        "NEA_pl_name": "TOI-4137 b",
        "NEA_st_host": "TOI-4137",
        "NEA_st_Teff": 6202.0,
        "NEA_st_rad": 1.438,
        "NEA_st_mass": 1.313,
        "NEA_ra": 77.612879,
        "NEA_dec": 70.391079,
        "NEA_period_day": 3.8016122,
        "NEA_a_au": 0.05222,
        "NEA_a_au_err1": 0.00089,
        "NEA_a_au_err2": 0.00089,
        "NEA_pl_rad_e:": 13.57407563,
        "NEA_pl_rad_e_err1": 0.44835923,
        "NEA_pl_rad_e_err2": -0.43715025,
        "NEA_pl_mass": 457.67290608,
        "NEA_ins_flux": 1013.0,
        "NEA_pl_eq_temp": 1570.0
    }
}