{
    "target": "TOI-2382",
    "planet_name": "TOI-2382 b",
    "from": "Transit (TESS)",
    "stellar": {
        "radius_Rsun": 1.52373,
        "mass_Msun": 1.09
    },
    "bls": {
        "period_days": 4.661146611466115,
        "t0": 2089.620246376172,
        "depth": 0.004366089245618501,
        "duration_days": 0.05
    },
    "physical": {
        "planet_radius_Rearth": 10.982090084825169,
        "semi_major_axis_AU": 0.05620026848226195
    },
    "NEA": {
        "NEA_pl_name": "TOI-2382 b",
        "NEA_st_host": "TOI-2382",
        "NEA_st_Teff": 6033.0,
        "NEA_st_rad": 1.417,
        "NEA_st_mass": 1.26,
        "NEA_ra": 356.3751852,
        "NEA_dec": -16.114124,
        "NEA_period_day": 4.6612061,
        "NEA_a_au": 0.059,
        "NEA_a_au_err1": 0.001,
        "NEA_a_au_err2": 0.001,
        "NEA_pl_rad_e:": 12.25141591,
        "NEA_pl_rad_e_err1": 0.85188253,
        "NEA_pl_rad_e_err2": -0.57165802,
        "NEA_pl_mass": 235.19302118,
        "NEA_ins_flux": 689.0,
        "NEA_pl_eq_temp": 1426.0
    }
}