{
    "target": "TOI-5108",
    "planet_name": "TOI-5108 b",
    "from": "Transit (TESS)",
    "stellar": {
        "radius_Rsun": 1.32258,
        "mass_Msun": 1.065
    },
    "bls": {
        "period_days": 6.752932529325293,
        "t0": 3265.0954116625644,
        "depth": 0.0011975162515645169,
        "duration_days": 0.1
    },
    "physical": {
        "planet_radius_Rearth": 4.992215659815804,
        "semi_major_axis_AU": 0.07140235320022079
    },
    "NEA": {
        "NEA_pl_name": "TOI-5108 b",
        "NEA_st_host": "TOI-5108",
        "NEA_st_Teff": 5808.0,
        "NEA_st_rad": 1.29,
        "NEA_st_mass": 1.1,
        "NEA_ra": 166.2695041,
        "NEA_dec": 11.2464069,
        "NEA_period_day": 6.753581,
        "NEA_a_au": 0.073,
        "NEA_a_au_err1": 0.004,
        "NEA_a_au_err2": 0.004,
        "NEA_pl_rad_e:": 6.6,
        "NEA_pl_rad_e_err1": 0.1,
        "NEA_pl_rad_e_err2": -0.1,
        "NEA_pl_mass": 32.0,
        "NEA_ins_flux": NaN,
        "NEA_pl_eq_temp": 1180.0
    }
}