{
    "target": "TOI-2260",
    "planet_name": "TOI-2260 b",
    "from": "Transit (TESS)",
    "stellar": {
        "radius_Rsun": 0.898416,
        "mass_Msun": 0.947
    },
    "bls": {
        "period_days": 17.37761377613776,
        "t0": 1938.0891279975299,
        "depth": 0.0011043131228926498,
        "duration_days": 0.33
    },
    "physical": {
        "planet_radius_Rearth": 3.25652392728742,
        "semi_major_axis_AU": 0.12893707153497516
    },
    "NEA": {
        "NEA_pl_name": "TOI-2260 b",
        "NEA_st_host": "TOI-2260",
        "NEA_st_Teff": 5534.0,
        "NEA_st_rad": 0.94,
        "NEA_st_mass": 0.99,
        "NEA_ra": 247.6669998,
        "NEA_dec": 49.0467891,
        "NEA_period_day": 0.3524728,
        "NEA_a_au": 0.0097,
        "NEA_a_au_err1": 0.0001,
        "NEA_a_au_err2": 0.0001,
        "NEA_pl_rad_e:": 1.62,
        "NEA_pl_rad_e_err1": 0.13,
        "NEA_pl_rad_e_err2": -0.13,
        "NEA_pl_mass": NaN,
        "NEA_ins_flux": NaN,
        "NEA_pl_eq_temp": 2609.0
    }
}