{
    "target": "TOI-198",
    "planet_name": "TOI-198 b",
    "from": "Transit (TESS)",
    "stellar": {
        "radius_Rsun": 0.447336,
        "mass_Msun": 0.4437
    },
    "bls": {
        "period_days": 10.215192151921519,
        "t0": 1356.378141762546,
        "depth": 0.0005543444165736384,
        "duration_days": 0.1
    },
    "physical": {
        "planet_radius_Rearth": 1.1488262968636027,
        "semi_major_axis_AU": 0.07027408805382446
    },
    "NEA": {
        "NEA_pl_name": "TOI-198 b",
        "NEA_st_host": "TOI-198",
        "NEA_st_Teff": 3650.0,
        "NEA_st_rad": 0.441,
        "NEA_st_mass": 0.467,
        "NEA_ra": 2.2715087,
        "NEA_dec": -27.1217452,
        "NEA_period_day": 10.2152,
        "NEA_a_au": 0.1,
        "NEA_a_au_err1": 0.006,
        "NEA_a_au_err2": 0.006,
        "NEA_pl_rad_e:": 1.44,
        "NEA_pl_rad_e_err1": 0.08,
        "NEA_pl_rad_e_err2": -0.08,
        "NEA_pl_mass": NaN,
        "NEA_ins_flux": NaN,
        "NEA_pl_eq_temp": 368.0
    }
}