{
    "target": "TOI-1416",
    "planet_name": "TOI-1416 b",
    "from": "Transit (TESS)",
    "stellar": {
        "radius_Rsun": 0.801873,
        "mass_Msun": 0.81
    },
    "bls": {
        "period_days": 1.0697956979569796,
        "t0": 1739.4392731832038,
        "depth": 0.00018896645986828548,
        "duration_days": 0.1
    },
    "physical": {
        "planet_radius_Rearth": 1.202343703156708,
        "semi_major_axis_AU": 0.019082266334123233
    },
    "NEA": {
        "NEA_pl_name": "TOI-1416 b",
        "NEA_st_host": "TOI-1416",
        "NEA_st_Teff": 4884.0,
        "NEA_st_rad": 0.793,
        "NEA_st_mass": 0.798,
        "NEA_ra": 216.9234892,
        "NEA_dec": 41.9529862,
        "NEA_period_day": 1.0697568,
        "NEA_a_au": 0.019,
        "NEA_a_au_err1": 0.0003,
        "NEA_a_au_err2": 0.0003,
        "NEA_pl_rad_e:": 1.62,
        "NEA_pl_rad_e_err1": 0.08,
        "NEA_pl_rad_e_err2": -0.08,
        "NEA_pl_mass": 3.48,
        "NEA_ins_flux": 883.0,
        "NEA_pl_eq_temp": 1517.0
    }
}