{
    "target": "TOI-912",
    "planet_name": "TOI-912 b",
    "from": "Transit (TESS)",
    "stellar": {
        "radius_Rsun": 0.426465,
        "mass_Msun": 0.421006
    },
    "bls": {
        "period_days": 4.678111781117812,
        "t0": 1628.3976579205394,
        "depth": 0.0017736746127976575,
        "duration_days": 0.05
    },
    "physical": {
        "planet_radius_Rearth": 1.95907493688311,
        "semi_major_axis_AU": 0.04102773487078743
    },
    "NEA": {
        "NEA_pl_name": "TOI-912 b",
        "NEA_st_host": "TOI-912",
        "NEA_st_Teff": 3572.0,
        "NEA_st_rad": 0.419,
        "NEA_st_mass": 0.418,
        "NEA_ra": 229.3285665,
        "NEA_dec": -80.4733446,
        "NEA_period_day": 4.6780691,
        "NEA_a_au": 0.041,
        "NEA_a_au_err1": 0.001,
        "NEA_a_au_err2": 0.001,
        "NEA_pl_rad_e:": 1.93,
        "NEA_pl_rad_e_err1": 0.13,
        "NEA_pl_rad_e_err2": -0.13,
        "NEA_pl_mass": 5.1,
        "NEA_ins_flux": 15.0,
        "NEA_pl_eq_temp": 551.0
    }
}