{
    "target": "TOI-3884",
    "planet_name": "TOI-3884 b",
    "from": "Transit (TESS)",
    "stellar": {
        "radius_Rsun": 0.303138,
        "mass_Msun": 0.2802
    },
    "bls": {
        "period_days": 4.5445354453544535,
        "t0": 2556.5180416776325,
        "depth": 0.025114040300917045,
        "duration_days": 0.05
    },
    "physical": {
        "planet_radius_Rearth": 5.2399766730112765,
        "semi_major_axis_AU": 0.03513581963722121
    },
    "NEA": {
        "NEA_pl_name": "TOI-3884 b",
        "NEA_st_host": "TOI-3884",
        "NEA_st_Teff": 3180.0,
        "NEA_st_rad": 0.302,
        "NEA_st_mass": 0.298,
        "NEA_ra": 181.5718341,
        "NEA_dec": 12.5070258,
        "NEA_period_day": 4.5445828,
        "NEA_a_au": 0.0361,
        "NEA_a_au_err1": 0.0008,
        "NEA_a_au_err2": 0.0008,
        "NEA_pl_rad_e:": 6.43,
        "NEA_pl_rad_e_err1": 0.2,
        "NEA_pl_rad_e_err2": -0.2,
        "NEA_pl_mass": 32.59,
        "NEA_ins_flux": 6.29,
        "NEA_pl_eq_temp": 441.0
    }
}