{
    "target": "TOI-1772",
    "planet_name": "TOI-1772.01",
    "from": "Transit (TESS)",
    "stellar": {
        "radius_Rsun": 0.995254,
        "mass_Msun": 0.99
    },
    "bls": {
        "period_days": 18.361593615936158,
        "t0": 1884.2402937952481,
        "depth": 0.0017459215940345176,
        "duration_days": 0.2
    },
    "physical": {
        "planet_radius_Rearth": 4.536041081884077,
        "semi_major_axis_AU": 0.13575412277254195
    },
    "NEA": {
        "NEA_pl_name": "TOI-1772.01",
        "NEA_st_host": "TOI-1772",
        "NEA_st_Teff": 5583.0,
        "NEA_st_rad": 0.995,
        "NEA_st_mass": 0.99,
        "NEA_ra": 156.837704,
        "NEA_dec": 34.3909497,
        "NEA_period_day": 8.054246874,
        "NEA_a_au": 0.078375,
        "NEA_a_au_err1": 0.003198,
        "NEA_a_au_err2": 0.003198,
        "NEA_pl_rad_e:": 2.905,
        "NEA_pl_rad_e_err1": 0.328,
        "NEA_pl_rad_e_err2": -0.214,
        "NEA_pl_mass": NaN,
        "NEA_ins_flux": 140.93,
        "NEA_pl_eq_temp": NaN
    }
}