{
    "target": "TOI-6448",
    "planet_name": "TOI-6448 b",
    "from": "Transit (TESS)",
    "stellar": {
        "radius_Rsun": 0.959247,
        "mass_Msun": 1.08
    },
    "bls": {
        "period_days": 2.3281432814328147,
        "t0": 3666.0589196818896,
        "depth": 0.00428628187617161,
        "duration_days": 0.33
    },
    "physical": {
        "planet_radius_Rearth": 6.850172261208676,
        "semi_major_axis_AU": 0.03527081028942973
    },
    "NEA": {
        "NEA_pl_name": "TOI-6448 b",
        "NEA_st_host": "TOI-6448",
        "NEA_st_Teff": 5910.0,
        "NEA_st_rad": 0.897,
        "NEA_st_mass": 1.03,
        "NEA_ra": 110.1704109,
        "NEA_dec": -33.9223285,
        "NEA_period_day": 14.844261,
        "NEA_a_au": 0.131,
        "NEA_a_au_err1": 0.014,
        "NEA_a_au_err2": 0.014,
        "NEA_pl_rad_e:": 8.47398941,
        "NEA_pl_rad_e_err1": 0.76221069,
        "NEA_pl_rad_e_err2": -0.76221069,
        "NEA_pl_mass": NaN,
        "NEA_ins_flux": NaN,
        "NEA_pl_eq_temp": 745.0
    }
}