{
    "target": "TOI-2136",
    "planet_name": "TOI-2136 b",
    "from": "Transit (TESS)",
    "stellar": {
        "radius_Rsun": 0.34388,
        "mass_Msun": 0.327134
    },
    "bls": {
        "period_days": 7.851963519635197,
        "t0": 2017.7002491933094,
        "depth": 0.0031306439976145893,
        "duration_days": 0.05
    },
    "physical": {
        "planet_radius_Rearth": 2.098719702043261,
        "semi_major_axis_AU": 0.05327152451128086
    },
    "NEA": {
        "NEA_pl_name": "TOI-2136 b",
        "NEA_st_host": "TOI-2136",
        "NEA_st_Teff": 3373.0,
        "NEA_st_rad": 0.344,
        "NEA_st_mass": 0.3272,
        "NEA_ra": 281.1763433,
        "NEA_dec": 36.5631318,
        "NEA_period_day": 7.851925,
        "NEA_a_au": 0.0533,
        "NEA_a_au_err1": 0.0015,
        "NEA_a_au_err2": 0.0015,
        "NEA_pl_rad_e:": 2.2,
        "NEA_pl_rad_e_err1": 0.07,
        "NEA_pl_rad_e_err2": -0.07,
        "NEA_pl_mass": 4.7,
        "NEA_ins_flux": 4.82,
        "NEA_pl_eq_temp": 378.0
    }
}