{
    "target": "TOI-2285",
    "planet_name": "TOI-2285 b",
    "from": "Transit (TESS)",
    "stellar": {
        "radius_Rsun": 0.460014,
        "mass_Msun": 0.457187
    },
    "bls": {
        "period_days": 13.635136351363514,
        "t0": 1747.1800019849477,
        "depth": 0.0007417301651304297,
        "duration_days": 0.1
    },
    "physical": {
        "planet_radius_Rearth": 1.3665473966549802,
        "semi_major_axis_AU": 0.08604758047610364
    },
    "NEA": {
        "NEA_pl_name": "TOI-2285 b",
        "NEA_st_host": "TOI-2285",
        "NEA_st_Teff": 3491.0,
        "NEA_st_rad": 0.464,
        "NEA_st_mass": 0.454,
        "NEA_ra": 332.5632644,
        "NEA_dec": 58.7060934,
        "NEA_period_day": 13.635109,
        "NEA_a_au": 0.1363,
        "NEA_a_au_err1": NaN,
        "NEA_a_au_err2": NaN,
        "NEA_pl_rad_e:": 1.77,
        "NEA_pl_rad_e_err1": 0.12,
        "NEA_pl_rad_e_err2": -0.09,
        "NEA_pl_mass": NaN,
        "NEA_ins_flux": 3.91,
        "NEA_pl_eq_temp": 358.0
    }
}