{
    "target": "TOI-519",
    "planet_name": "TOI-519 b",
    "from": "Transit (TESS)",
    "stellar": {
        "radius_Rsun": 0.355309,
        "mass_Msun": 0.34034
    },
    "bls": {
        "period_days": 1.2630426304263043,
        "t0": 1491.9158367599928,
        "depth": 0.05444642916145822,
        "duration_days": 0.05
    },
    "physical": {
        "planet_radius_Rearth": 9.043188605437894,
        "semi_major_axis_AU": 0.015965556204855336
    },
    "NEA": {
        "NEA_pl_name": "TOI-519 b",
        "NEA_st_host": "TOI-519",
        "NEA_st_Teff": 3350.0,
        "NEA_st_rad": 0.373,
        "NEA_st_mass": 0.369,
        "NEA_ra": 124.6067582,
        "NEA_dec": -19.6627918,
        "NEA_period_day": 1.2652328,
        "NEA_a_au": 0.012,
        "NEA_a_au_err1": 0.004,
        "NEA_a_au_err2": 0.004,
        "NEA_pl_rad_e:": 11.99363,
        "NEA_pl_rad_e_err1": 1.45717,
        "NEA_pl_rad_e_err2": -4.59569,
        "NEA_pl_mass": 4449.62,
        "NEA_ins_flux": 54.0,
        "NEA_pl_eq_temp": 760.0
    }
}