{
    "target": "TOI-5319",
    "planet_name": "TOI-5319 b",
    "from": "Transit (TESS)",
    "stellar": {
        "radius_Rsun": 0.484565,
        "mass_Msun": 0.5
    },
    "bls": {
        "period_days": 4.078480784807848,
        "t0": 2884.050365411746,
        "depth": 0.003631236113051797,
        "duration_days": 0.05
    },
    "physical": {
        "planet_radius_Rearth": 3.1850038793043502,
        "semi_major_axis_AU": 0.03965122999598318
    },
    "NEA": {
        "NEA_pl_name": "TOI-5319 b",
        "NEA_st_host": "TOI-5319",
        "NEA_st_Teff": 3580.0,
        "NEA_st_rad": 0.485,
        "NEA_st_mass": 0.5,
        "NEA_ra": 35.2135563,
        "NEA_dec": 23.5204408,
        "NEA_period_day": 4.07853,
        "NEA_a_au": 0.0506,
        "NEA_a_au_err1": 0.0025,
        "NEA_a_au_err2": 0.0025,
        "NEA_pl_rad_e:": 2.83,
        "NEA_pl_rad_e_err1": 0.57,
        "NEA_pl_rad_e_err2": -0.59,
        "NEA_pl_mass": NaN,
        "NEA_ins_flux": NaN,
        "NEA_pl_eq_temp": 695.0
    }
}