{
    "target": "TOI-757",
    "planet_name": "TOI-757 b",
    "from": "Transit (TESS)",
    "stellar": {
        "radius_Rsun": 0.7643,
        "mass_Msun": 0.92
    },
    "bls": {
        "period_days": 17.46828968289683,
        "t0": 1571.8657371241147,
        "depth": 0.0008069420424918396,
        "duration_days": 0.15
    },
    "physical": {
        "planet_radius_Rearth": 2.3681854605919015,
        "semi_major_axis_AU": 0.12814369660249064
    },
    "NEA": {
        "NEA_pl_name": "TOI-757 b",
        "NEA_st_host": "TOI-757",
        "NEA_st_Teff": 5278.0,
        "NEA_st_rad": 0.78,
        "NEA_st_mass": 0.8,
        "NEA_ra": 187.9948428,
        "NEA_dec": -35.5544523,
        "NEA_period_day": 17.46819,
        "NEA_a_au": 0.122,
        "NEA_a_au_err1": 0.002,
        "NEA_a_au_err2": 0.002,
        "NEA_pl_rad_e:": 2.5,
        "NEA_pl_rad_e_err1": 0.1,
        "NEA_pl_rad_e_err2": -0.1,
        "NEA_pl_mass": 10.5,
        "NEA_ins_flux": NaN,
        "NEA_pl_eq_temp": 641.0
    }
}