{
    "target": "TOI-2485",
    "planet_name": "TOI-2485 b",
    "from": "Transit (TESS)",
    "stellar": {
        "radius_Rsun": 1.72033,
        "mass_Msun": 1.11
    },
    "bls": {
        "period_days": 0.6111511115111151,
        "t0": 2665.531474753971,
        "depth": 0.00014986427819024508,
        "duration_days": 0.33
    },
    "physical": {
        "planet_radius_Rearth": 2.2971613744843524,
        "semi_major_axis_AU": 0.01459288339625114
    },
    "NEA": {
        "NEA_pl_name": "TOI-2485 b",
        "NEA_st_host": "TOI-2485",
        "NEA_st_Teff": NaN,
        "NEA_st_rad": 1.72,
        "NEA_st_mass": 1.163,
        "NEA_ra": 205.2043217,
        "NEA_dec": 22.9839692,
        "NEA_period_day": 11.23479,
        "NEA_a_au": 0.1093,
        "NEA_a_au_err1": 0.0055,
        "NEA_a_au_err2": 0.0055,
        "NEA_pl_rad_e:": 12.1393261,
        "NEA_pl_rad_e_err1": 0.50440413,
        "NEA_pl_rad_e_err2": -0.50440413,
        "NEA_pl_mass": 766.60211768,
        "NEA_ins_flux": 275.6,
        "NEA_pl_eq_temp": 1134.0
    }
}