{
    "target": "TOI-5542",
    "planet_name": "TOI-5542 b",
    "from": "Transit (TESS)",
    "stellar": {
        "radius_Rsun": 1.26929,
        "mass_Msun": 0.94
    },
    "bls": {
        "period_days": 18.978774787747877,
        "t0": 2054.968205569014,
        "depth": 0.004687757709700682,
        "duration_days": 0.33
    },
    "physical": {
        "planet_radius_Rearth": 9.479253031600706,
        "semi_major_axis_AU": 0.13640253702666996
    },
    "NEA": {
        "NEA_pl_name": "TOI-5542 b",
        "NEA_st_host": "TOI-5542",
        "NEA_st_Teff": 5700.0,
        "NEA_st_rad": 1.058,
        "NEA_st_mass": 0.89,
        "NEA_ra": 302.7984228,
        "NEA_dec": -61.1354659,
        "NEA_period_day": 75.12375,
        "NEA_a_au": 0.332,
        "NEA_a_au_err1": 0.016,
        "NEA_a_au_err2": 0.016,
        "NEA_pl_rad_e:": 11.30986153,
        "NEA_pl_rad_e_err1": 0.40352331,
        "NEA_pl_rad_e_err2": -0.39231432,
        "NEA_pl_mass": 419.53349724,
        "NEA_ins_flux": 9.6,
        "NEA_pl_eq_temp": 441.0
    }
}