{
    "target": "TOI-4443",
    "planet_name": "TOI-4443.01",
    "from": "Transit (TESS)",
    "stellar": {
        "radius_Rsun": 1.01733,
        "mass_Msun": 1.05
    },
    "bls": {
        "period_days": 1.8498034980349807,
        "t0": 2011.8965736773448,
        "depth": 0.00012478616045112016,
        "duration_days": 0.1
    },
    "physical": {
        "planet_radius_Rearth": 1.2395833719263551,
        "semi_major_axis_AU": 0.02997421922455231
    },
    "NEA": {
        "NEA_pl_name": "TOI-4443.01",
        "NEA_st_host": "TOI-4443",
        "NEA_st_Teff": 5834.0,
        "NEA_st_rad": 1.01733,
        "NEA_st_mass": 1.049133,
        "NEA_ra": 274.2686643,
        "NEA_dec": 21.9095459,
        "NEA_period_day": 1.8498567,
        "NEA_a_au": 0.029962645,
        "NEA_a_au_err1": NaN,
        "NEA_a_au_err2": NaN,
        "NEA_pl_rad_e:": 1.7193265,
        "NEA_pl_rad_e_err1": 0.1346603,
        "NEA_pl_rad_e_err2": -0.1346603,
        "NEA_pl_mass": NaN,
        "NEA_ins_flux": 1194.2104,
        "NEA_pl_eq_temp": 1638.82
    }
}