{
    "target": "TOI-4214",
    "planet_name": "TOI-4214 b",
    "from": "Transit (TESS)",
    "stellar": {
        "radius_Rsun": 1.58591,
        "mass_Msun": 1.044
    },
    "bls": {
        "period_days": 3.494059940599406,
        "t0": 3666.0367230336074,
        "depth": 0.004231198937903044,
        "duration_days": 0.1
    },
    "physical": {
        "planet_radius_Rearth": 11.252290591120948,
        "semi_major_axis_AU": 0.045714585075462125
    },
    "NEA": {
        "NEA_pl_name": "TOI-4214 b",
        "NEA_st_host": "TOI-4214",
        "NEA_st_Teff": 6370.0,
        "NEA_st_rad": 1.434,
        "NEA_st_mass": 1.382,
        "NEA_ra": 110.2495104,
        "NEA_dec": -13.9262649,
        "NEA_period_day": 3.4913885,
        "NEA_a_au": 0.05018,
        "NEA_a_au_err1": 0.00077,
        "NEA_a_au_err2": 0.00077,
        "NEA_pl_rad_e:": 10.68215861,
        "NEA_pl_rad_e_err1": 0.35868738,
        "NEA_pl_rad_e_err2": -0.33626942,
        "NEA_pl_mass": 165.27077164,
        "NEA_ins_flux": 1210.0,
        "NEA_pl_eq_temp": 1642.0
    }
}