{
    "target": "TOI-672",
    "planet_name": "TOI-672 b",
    "from": "Transit (TESS)",
    "stellar": {
        "radius_Rsun": 0.544068,
        "mass_Msun": 0.539888
    },
    "bls": {
        "period_days": 3.633486334863349,
        "t0": 1546.5159203464093,
        "depth": 0.0037436085154028136,
        "duration_days": 0.1
    },
    "physical": {
        "planet_radius_Rearth": 3.6310236331099537,
        "semi_major_axis_AU": 0.03766326457186666
    },
    "NEA": {
        "NEA_pl_name": "TOI-672 b",
        "NEA_st_host": "TOI-672",
        "NEA_st_Teff": 3765.0,
        "NEA_st_rad": 0.5441,
        "NEA_st_mass": 0.5399,
        "NEA_ra": 167.9908627,
        "NEA_dec": -39.3281151,
        "NEA_period_day": 3.633575,
        "NEA_a_au": NaN,
        "NEA_a_au_err1": NaN,
        "NEA_a_au_err2": NaN,
        "NEA_pl_rad_e:": 5.2604,
        "NEA_pl_rad_e_err1": 0.0827,
        "NEA_pl_rad_e_err2": -0.0985,
        "NEA_pl_mass": NaN,
        "NEA_ins_flux": NaN,
        "NEA_pl_eq_temp": 676.15
    }
}