{
    "target": "TOI-2379",
    "planet_name": "TOI-2379 b",
    "from": "Transit (TESS)",
    "stellar": {
        "radius_Rsun": 0.638902,
        "mass_Msun": 0.61874
    },
    "bls": {
        "period_days": 5.469429694296943,
        "t0": 2062.4546761860493,
        "depth": 0.028778199636485625,
        "duration_days": 0.05
    },
    "physical": {
        "planet_radius_Rearth": 11.822157403839489,
        "semi_major_axis_AU": 0.05176844767700388
    },
    "NEA": {
        "NEA_pl_name": "TOI-2379 b",
        "NEA_st_host": "TOI-2379",
        "NEA_st_Teff": 3707.0,
        "NEA_st_rad": 0.622,
        "NEA_st_mass": 0.645,
        "NEA_ra": 358.0920465,
        "NEA_dec": -53.043156,
        "NEA_period_day": 5.4693827,
        "NEA_a_au": 0.05263,
        "NEA_a_au_err1": 0.00091,
        "NEA_a_au_err2": 0.00091,
        "NEA_pl_rad_e:": 11.72459381,
        "NEA_pl_rad_e_err1": 0.25780656,
        "NEA_pl_rad_e_err2": -0.25780656,
        "NEA_pl_mass": 1830.69162432,
        "NEA_ins_flux": 25.3,
        "NEA_pl_eq_temp": 624.0
    }
}