{
    "target": "TOI-1860",
    "planet_name": "TOI-1860 b",
    "from": "Transit (TESS)",
    "stellar": {
        "radius_Rsun": 0.92985,
        "mass_Msun": 1.01
    },
    "bls": {
        "period_days": 2.2095820958209584,
        "t0": 1684.6927966862688,
        "depth": 0.0003294930629307631,
        "duration_days": 0.33
    },
    "physical": {
        "planet_radius_Rearth": 1.8410547859730078,
        "semi_major_axis_AU": 0.03331053449938547
    },
    "NEA": {
        "NEA_pl_name": "TOI-1860 b",
        "NEA_st_host": "TOI-1860",
        "NEA_st_Teff": 5752.0,
        "NEA_st_rad": 0.94,
        "NEA_st_mass": 0.99,
        "NEA_ra": 226.4567308,
        "NEA_dec": 64.0476821,
        "NEA_period_day": 1.0662107,
        "NEA_a_au": 0.0204,
        "NEA_a_au_err1": 0.0002,
        "NEA_a_au_err2": 0.0002,
        "NEA_pl_rad_e:": 1.31,
        "NEA_pl_rad_e_err1": 0.04,
        "NEA_pl_rad_e_err2": -0.04,
        "NEA_pl_mass": NaN,
        "NEA_ins_flux": NaN,
        "NEA_pl_eq_temp": 1885.0
    }
}