{
    "target": "TOI-2886",
    "planet_name": "TOI-2886 b",
    "from": "Transit (TESS)",
    "stellar": {
        "radius_Rsun": 1.21724,
        "mass_Msun": 1.164
    },
    "bls": {
        "period_days": 1.6017610176101764,
        "t0": 3666.309139607079,
        "depth": 0.01277582152462789,
        "duration_days": 0.1
    },
    "physical": {
        "planet_radius_Rearth": 15.007256750776987,
        "semi_major_axis_AU": 0.028182781620124768
    },
    "NEA": {
        "NEA_pl_name": "TOI-2886 b",
        "NEA_st_host": "TOI-2886",
        "NEA_st_Teff": 6240.0,
        "NEA_st_rad": 1.241,
        "NEA_st_mass": 1.229,
        "NEA_ra": 110.0076569,
        "NEA_dec": -10.5698414,
        "NEA_period_day": 1.60200105,
        "NEA_a_au": 0.02871,
        "NEA_a_au_err1": 0.00044,
        "NEA_a_au_err2": 0.00044,
        "NEA_pl_rad_e:": 18.6405349,
        "NEA_pl_rad_e_err1": 0.45956821,
        "NEA_pl_rad_e_err2": -0.39231432,
        "NEA_pl_mass": 444.9597698,
        "NEA_ins_flux": 2560.0,
        "NEA_pl_eq_temp": 1978.0
    }
}