{
    "target": "TOI-5803",
    "planet_name": "TOI-5803 b",
    "from": "Transit (TESS)",
    "stellar": {
        "radius_Rsun": 0.76251,
        "mass_Msun": 0.87
    },
    "bls": {
        "period_days": 5.383043830438305,
        "t0": 2797.3208490069755,
        "depth": 0.0013179999483680799,
        "duration_days": 0.05
    },
    "physical": {
        "planet_radius_Rearth": 3.0194922517676575,
        "semi_major_axis_AU": 0.05738425445264117
    },
    "NEA": {
        "NEA_pl_name": "TOI-5803 b",
        "NEA_st_host": "TOI-5803",
        "NEA_st_Teff": 5134.0,
        "NEA_st_rad": 0.7625,
        "NEA_st_mass": 0.87,
        "NEA_ra": 327.2487497,
        "NEA_dec": 6.2781777,
        "NEA_period_day": 5.38305,
        "NEA_a_au": NaN,
        "NEA_a_au_err1": NaN,
        "NEA_a_au_err2": NaN,
        "NEA_pl_rad_e:": 3.2732,
        "NEA_pl_rad_e_err1": 0.1251,
        "NEA_pl_rad_e_err2": -0.1194,
        "NEA_pl_mass": NaN,
        "NEA_ins_flux": NaN,
        "NEA_pl_eq_temp": 678.87
    }
}