{
    "target": "TOI-1898",
    "planet_name": "TOI-1898 b",
    "from": "Transit (TESS)",
    "stellar": {
        "radius_Rsun": 1.61034,
        "mass_Msun": 1.24
    },
    "bls": {
        "period_days": 6.975429754297542,
        "t0": 1870.6911470815935,
        "depth": 7.235977479192187e-05,
        "duration_days": 0.1
    },
    "physical": {
        "planet_radius_Rearth": 1.4941591654898432,
        "semi_major_axis_AU": 0.07675775371300642
    },
    "NEA": {
        "NEA_pl_name": "TOI-1898 b",
        "NEA_st_host": "TOI-1898",
        "NEA_st_Teff": 6241.0,
        "NEA_st_rad": 1.6131,
        "NEA_st_mass": 1.2484,
        "NEA_ra": 144.5553,
        "NEA_dec": 23.5467464,
        "NEA_period_day": 45.52234,
        "NEA_a_au": 0.269,
        "NEA_a_au_err1": 0.005,
        "NEA_a_au_err2": 0.005,
        "NEA_pl_rad_e:": 9.39553231,
        "NEA_pl_rad_e_err1": 0.2342915,
        "NEA_pl_rad_e_err2": -0.30913881,
        "NEA_pl_mass": 129.0,
        "NEA_ins_flux": NaN,
        "NEA_pl_eq_temp": 674.54
    }
}