{
    "target": "TOI-4961",
    "planet_name": "TOI-4961 b",
    "from": "Transit (TESS)",
    "stellar": {
        "radius_Rsun": 0.969314,
        "mass_Msun": 0.85
    },
    "bls": {
        "period_days": 7.479704797047971,
        "t0": 3041.877884362633,
        "depth": 0.014217200574157034,
        "duration_days": 0.1
    },
    "physical": {
        "planet_radius_Rearth": 12.606722982568124,
        "semi_major_axis_AU": 0.07090284512239847
    },
    "NEA": {
        "NEA_pl_name": "TOI-4961 b",
        "NEA_st_host": "TOI-4961",
        "NEA_st_Teff": 5380.0,
        "NEA_st_rad": 0.912,
        "NEA_st_mass": 0.912,
        "NEA_ra": 192.5018624,
        "NEA_dec": -59.8919345,
        "NEA_period_day": 7.479182,
        "NEA_a_au": 0.0726,
        "NEA_a_au_err1": 0.0013,
        "NEA_a_au_err2": 0.0013,
        "NEA_pl_rad_e:": 12.34108775,
        "NEA_pl_rad_e_err1": 0.45956821,
        "NEA_pl_rad_e_err2": -0.43715025,
        "NEA_pl_mass": 572.0911326,
        "NEA_ins_flux": 115.0,
        "NEA_pl_eq_temp": 919.0
    }
}