{
    "target": "TOI-2449",
    "planet_name": "TOI-2449 b",
    "from": "Transit (TESS)",
    "stellar": {
        "radius_Rsun": 1.07798,
        "mass_Msun": 1.13
    },
    "bls": {
        "period_days": 16.622566225662258,
        "t0": 1421.2454425369185,
        "depth": 0.0007034518402976237,
        "duration_days": 0.1
    },
    "physical": {
        "planet_radius_Rearth": 3.1185920516905443,
        "semi_major_axis_AU": 0.13276774462499275
    },
    "NEA": {
        "NEA_pl_name": "TOI-2449 b",
        "NEA_st_host": "TOI-2449",
        "NEA_st_Teff": 6021.0,
        "NEA_st_rad": 1.065,
        "NEA_st_mass": 1.079,
        "NEA_ra": 67.984371,
        "NEA_dec": -34.4555327,
        "NEA_period_day": 106.14468,
        "NEA_a_au": 0.45,
        "NEA_a_au_err1": 0.01,
        "NEA_a_au_err2": 0.01,
        "NEA_pl_rad_e:": 11.24,
        "NEA_pl_rad_e_err1": 0.1,
        "NEA_pl_rad_e_err2": -0.1,
        "NEA_pl_mass": 222.0,
        "NEA_ins_flux": NaN,
        "NEA_pl_eq_temp": 400.0
    }
}