{
    "target": "TOI-5300",
    "planet_name": "TOI-5300 b",
    "from": "Transit (TESS)",
    "stellar": {
        "radius_Rsun": 0.734894,
        "mass_Msun": 0.66
    },
    "bls": {
        "period_days": 2.2622326223262235,
        "t0": 3210.1506340544256,
        "depth": 0.012554408676244183,
        "duration_days": 0.1
    },
    "physical": {
        "planet_radius_Rearth": 8.981595908659466,
        "semi_major_axis_AU": 0.029363458132548693
    },
    "NEA": {
        "NEA_pl_name": "TOI-5300 b",
        "NEA_st_host": "TOI-5300",
        "NEA_st_Teff": 4610.0,
        "NEA_st_rad": 0.65,
        "NEA_st_mass": 0.67,
        "NEA_ra": 356.481137,
        "NEA_dec": 0.4587978,
        "NEA_period_day": 2.262196,
        "NEA_a_au": 0.0295,
        "NEA_a_au_err1": 0.0003,
        "NEA_a_au_err2": 0.0003,
        "NEA_pl_rad_e:": 9.86390302,
        "NEA_pl_rad_e_err1": 0.89671846,
        "NEA_pl_rad_e_err2": -0.89671846,
        "NEA_pl_mass": 190.6970442,
        "NEA_ins_flux": 198.0,
        "NEA_pl_eq_temp": 1043.0
    }
}