{
    "target": "TOI-4794",
    "planet_name": "TOI-4794 b",
    "from": "Transit (TESS)",
    "stellar": {
        "radius_Rsun": 1.39977,
        "mass_Msun": 1.2
    },
    "bls": {
        "period_days": 3.5640656406564073,
        "t0": 3665.470962361803,
        "depth": 0.007783583546528135,
        "duration_days": 0.15
    },
    "physical": {
        "planet_radius_Rearth": 13.470296534315162,
        "semi_major_axis_AU": 0.04852422338689748
    },
    "NEA": {
        "NEA_pl_name": "TOI-4794 b",
        "NEA_st_host": "TOI-4794",
        "NEA_st_Teff": 6390.0,
        "NEA_st_rad": 1.451,
        "NEA_st_mass": 1.25,
        "NEA_ra": 110.4835517,
        "NEA_dec": -12.5654781,
        "NEA_period_day": 3.5658116,
        "NEA_a_au": 0.0492,
        "NEA_a_au_err1": 0.0009,
        "NEA_a_au_err2": 0.0009,
        "NEA_pl_rad_e:": 14.35870428,
        "NEA_pl_rad_e_err1": 0.49319515,
        "NEA_pl_rad_e_err2": -0.43715025,
        "NEA_pl_mass": 308.29355479,
        "NEA_ins_flux": 1310.0,
        "NEA_pl_eq_temp": 1673.0
    }
}