{
    "target": "TOI-2068",
    "planet_name": "TOI-2068 b",
    "from": "Transit (TESS)",
    "stellar": {
        "radius_Rsun": 0.542573,
        "mass_Msun": 0.538526
    },
    "bls": {
        "period_days": 14.953544535445355,
        "t0": 1694.9411176104177,
        "depth": 0.0017436514812104434,
        "duration_days": 0.2
    },
    "physical": {
        "planet_radius_Rearth": 2.471261475391912,
        "semi_major_axis_AU": 0.09664202905918594
    },
    "NEA": {
        "NEA_pl_name": "TOI-2068 b",
        "NEA_st_host": "TOI-2068",
        "NEA_st_Teff": 3710.0,
        "NEA_st_rad": 0.535,
        "NEA_st_mass": 0.559,
        "NEA_ra": 186.27356,
        "NEA_dec": 60.4183455,
        "NEA_period_day": 7.768915,
        "NEA_a_au": 0.0632,
        "NEA_a_au_err1": 0.0011,
        "NEA_a_au_err2": 0.0011,
        "NEA_pl_rad_e:": 1.821,
        "NEA_pl_rad_e_err1": 0.162,
        "NEA_pl_rad_e_err2": -0.149,
        "NEA_pl_mass": NaN,
        "NEA_ins_flux": 12.23,
        "NEA_pl_eq_temp": 520.62
    }
}