{
    "target": "TOI-4860",
    "planet_name": "TOI-4860 b",
    "from": "Transit (TESS)",
    "stellar": {
        "radius_Rsun": 0.352907,
        "mass_Msun": 0.337566
    },
    "bls": {
        "period_days": 1.5227852278522787,
        "t0": 3015.3645505041964,
        "depth": 0.037966131737505994,
        "duration_days": 0.05
    },
    "physical": {
        "planet_radius_Rearth": 7.500481206486724,
        "semi_major_axis_AU": 0.018036255742079916
    },
    "NEA": {
        "NEA_pl_name": "TOI-4860 b",
        "NEA_st_host": "TOI-4860",
        "NEA_st_Teff": 3390.0,
        "NEA_st_rad": 0.348,
        "NEA_st_mass": 0.3357,
        "NEA_ra": 183.563961,
        "NEA_dec": -13.1748411,
        "NEA_period_day": 1.52275959,
        "NEA_a_au": 0.01845,
        "NEA_a_au_err1": 0.00059,
        "NEA_a_au_err2": 0.00059,
        "NEA_pl_rad_e:": 8.47398941,
        "NEA_pl_rad_e_err1": 0.26901554,
        "NEA_pl_rad_e_err2": -0.26901554,
        "NEA_pl_mass": 212.94503269,
        "NEA_ins_flux": 42.5,
        "NEA_pl_eq_temp": 624.0
    }
}