{
    "target": "TOI-3693",
    "planet_name": "TOI-3693 b",
    "from": "Transit (TESS)",
    "stellar": {
        "radius_Rsun": 0.799114,
        "mass_Msun": 0.887
    },
    "bls": {
        "period_days": 19.211217112171123,
        "t0": 2886.595218808745,
        "depth": 0.001998788518025467,
        "duration_days": 0.33
    },
    "physical": {
        "planet_radius_Rearth": 3.8969321253497116,
        "semi_major_axis_AU": 0.13487936378074172
    },
    "NEA": {
        "NEA_pl_name": "TOI-3693 b",
        "NEA_st_host": "TOI-3693",
        "NEA_st_Teff": 5321.0,
        "NEA_st_rad": 0.791,
        "NEA_st_mass": 0.867,
        "NEA_ra": 15.6543938,
        "NEA_dec": 51.3038918,
        "NEA_period_day": 9.088516,
        "NEA_a_au": 0.0813,
        "NEA_a_au_err1": 0.0011,
        "NEA_a_au_err2": 0.0011,
        "NEA_pl_rad_e:": 12.59889431,
        "NEA_pl_rad_e_err1": 0.32506044,
        "NEA_pl_rad_e_err2": -0.25780656,
        "NEA_pl_mass": 324.18497514,
        "NEA_ins_flux": 68.6,
        "NEA_pl_eq_temp": 801.0
    }
}