{
    "target": "TOI-2529",
    "planet_name": "TOI-2529 b",
    "from": "Transit (TESS)",
    "stellar": {
        "radius_Rsun": 1.74814,
        "mass_Msun": 1.05
    },
    "bls": {
        "period_days": 17.763327633276333,
        "t0": 2970.9078107647715,
        "depth": 0.000958634859531403,
        "duration_days": 0.33
    },
    "physical": {
        "planet_radius_Rearth": 5.903825305596712,
        "semi_major_axis_AU": 0.1354192380411678
    },
    "NEA": {
        "NEA_pl_name": "TOI-2529 b",
        "NEA_st_host": "TOI-2529",
        "NEA_st_Teff": 5802.0,
        "NEA_st_rad": 1.7,
        "NEA_st_mass": 1.11,
        "NEA_ra": 118.9945352,
        "NEA_dec": -52.3548332,
        "NEA_period_day": 64.5949,
        "NEA_a_au": 0.327,
        "NEA_a_au_err1": 0.02,
        "NEA_a_au_err2": 0.02,
        "NEA_pl_rad_e:": 11.54525012,
        "NEA_pl_rad_e_err1": 0.56044903,
        "NEA_pl_rad_e_err2": -0.56044903,
        "NEA_pl_mass": 743.71847238,
        "NEA_ins_flux": NaN,
        "NEA_pl_eq_temp": 636.0
    }
}