{
    "target": "TOI-3980",
    "planet_name": "TOI-3980 b",
    "from": "Transit (TESS)",
    "stellar": {
        "radius_Rsun": 1.63017,
        "mass_Msun": 1.057
    },
    "bls": {
        "period_days": 3.608916089160892,
        "t0": 2886.177715886791,
        "depth": 0.004418666003797336,
        "duration_days": 0.05
    },
    "physical": {
        "planet_radius_Rearth": 11.8197737517458,
        "semi_major_axis_AU": 0.04690407411387524
    },
    "NEA": {
        "NEA_pl_name": "TOI-3980 b",
        "NEA_st_host": "TOI-3980",
        "NEA_st_Teff": 5840.0,
        "NEA_st_rad": 1.626,
        "NEA_st_mass": 1.24,
        "NEA_ra": 12.8419374,
        "NEA_dec": 59.5758606,
        "NEA_period_day": 3.6089254,
        "NEA_a_au": 0.0494,
        "NEA_a_au_err1": 0.001,
        "NEA_a_au_err2": 0.001,
        "NEA_pl_rad_e:": 14.4595851,
        "NEA_pl_rad_e_err1": 2.24179614,
        "NEA_pl_rad_e_err2": -1.12089807,
        "NEA_pl_mass": 187.51876013,
        "NEA_ins_flux": 1153.0,
        "NEA_pl_eq_temp": 1621.0
    }
}