{
    "target": "TOI-2459",
    "planet_name": "TOI-2459 b",
    "from": "Transit (TESS)",
    "stellar": {
        "radius_Rsun": 0.675093,
        "mass_Msun": 0.66
    },
    "bls": {
        "period_days": 14.639786397863977,
        "t0": 1451.381163465438,
        "depth": 0.0010670436519533465,
        "duration_days": 0.33
    },
    "physical": {
        "planet_radius_Rearth": 2.4053893141854545,
        "semi_major_axis_AU": 0.10196994553759431
    },
    "NEA": {
        "NEA_pl_name": "TOI-2459 b",
        "NEA_st_host": "TOI-2459",
        "NEA_st_Teff": 4195.0,
        "NEA_st_rad": 0.6751,
        "NEA_st_mass": 0.66,
        "NEA_ra": 82.1433321,
        "NEA_dec": -39.3730456,
        "NEA_period_day": 19.104718,
        "NEA_a_au": NaN,
        "NEA_a_au_err1": NaN,
        "NEA_a_au_err2": NaN,
        "NEA_pl_rad_e:": 2.9531,
        "NEA_pl_rad_e_err1": 0.0916,
        "NEA_pl_rad_e_err2": -0.0658,
        "NEA_pl_mass": NaN,
        "NEA_ins_flux": NaN,
        "NEA_pl_eq_temp": 445.01
    }
}