{
    "target": "TOI-5153",
    "planet_name": "TOI-5153 b",
    "from": "Transit (TESS)",
    "stellar": {
        "radius_Rsun": 1.38459,
        "mass_Msun": 1.29
    },
    "bls": {
        "period_days": 16.698616986169863,
        "t0": 2218.006997127261,
        "depth": 0.005387527891264915,
        "duration_days": 0.15
    },
    "physical": {
        "planet_radius_Rearth": 11.085279192177385,
        "semi_major_axis_AU": 0.13918249618137482
    },
    "NEA": {
        "NEA_pl_name": "TOI-5153 b",
        "NEA_st_host": "TOI-5153",
        "NEA_st_Teff": 6300.0,
        "NEA_st_rad": 1.4,
        "NEA_st_mass": 1.24,
        "NEA_ra": 91.5403204,
        "NEA_dec": -19.9534443,
        "NEA_period_day": 20.33003,
        "NEA_a_au": 0.158,
        "NEA_a_au_err1": 0.006,
        "NEA_a_au_err2": 0.006,
        "NEA_pl_rad_e:": 11.88151954,
        "NEA_pl_rad_e_err1": 0.44835923,
        "NEA_pl_rad_e_err2": -0.44835923,
        "NEA_pl_mass": 1036.12060682,
        "NEA_ins_flux": NaN,
        "NEA_pl_eq_temp": 906.0
    }
}