{
    "target": "TOI-1180",
    "planet_name": "TOI-1180 b",
    "from": "Transit (TESS)",
    "stellar": {
        "radius_Rsun": 0.727165,
        "mass_Msun": 0.75
    },
    "bls": {
        "period_days": 9.686736867368674,
        "t0": 1691.0519301715908,
        "depth": 0.0013600728823517305,
        "duration_days": 0.1
    },
    "physical": {
        "planet_radius_Rearth": 2.925127071902142,
        "semi_major_axis_AU": 0.08079909037775442
    },
    "NEA": {
        "NEA_pl_name": "TOI-1180 b",
        "NEA_st_host": "TOI-1180",
        "NEA_st_Teff": 4738.0,
        "NEA_st_rad": 0.73,
        "NEA_st_mass": 0.75,
        "NEA_ra": 214.5557741,
        "NEA_dec": 82.1937642,
        "NEA_period_day": 9.686760378,
        "NEA_a_au": 0.080799,
        "NEA_a_au_err1": 0.003211,
        "NEA_a_au_err2": 0.003211,
        "NEA_pl_rad_e:": 3.072,
        "NEA_pl_rad_e_err1": 0.27,
        "NEA_pl_rad_e_err2": -0.243,
        "NEA_pl_mass": NaN,
        "NEA_ins_flux": 36.97,
        "NEA_pl_eq_temp": 638.18
    }
}