{
    "target": "TOI-4010",
    "planet_name": "TOI-4010 c",
    "from": "Transit (TESS)",
    "stellar": {
        "radius_Rsun": 0.880213,
        "mass_Msun": 0.799
    },
    "bls": {
        "period_days": 5.414634146341464,
        "t0": 1956.7350045966753,
        "depth": 0.0024564084241040455,
        "duration_days": 0.1
    },
    "physical": {
        "planet_radius_Rearth": 4.758485461199811,
        "semi_major_axis_AU": 0.05599673692772894
    }
}