{
    "target": "TOI-4994",
    "planet_name": "TOI-4994 b",
    "from": "Transit (TESS)",
    "stellar": {
        "radius_Rsun": 1.10771,
        "mass_Msun": 0.97
    },
    "bls": {
        "period_days": 18.736582365823658,
        "t0": 3115.9221743348057,
        "depth": 0.002736440808160497,
        "duration_days": 0.15
    },
    "physical": {
        "planet_radius_Rearth": 6.320475974417363,
        "semi_major_axis_AU": 0.13666329195990037
    },
    "NEA": {
        "NEA_pl_name": "TOI-4994 b",
        "NEA_st_host": "TOI-4994",
        "NEA_st_Teff": 5640.0,
        "NEA_st_rad": 1.055,
        "NEA_st_mass": 1.005,
        "NEA_ra": 283.1325335,
        "NEA_dec": -78.4344302,
        "NEA_period_day": 21.491984,
        "NEA_a_au": 0.1515,
        "NEA_a_au_err1": 0.0032,
        "NEA_a_au_err2": 0.0032,
        "NEA_pl_rad_e:": 8.54124329,
        "NEA_pl_rad_e_err1": 0.33626942,
        "NEA_pl_rad_e_err2": -0.30264248,
        "NEA_pl_mass": 88.99195396,
        "NEA_ins_flux": 40.0,
        "NEA_pl_eq_temp": 717.6
    }
}