{
    "target": "TOI-2986",
    "planet_name": "TOI-2986 b",
    "from": "Transit (TESS)",
    "stellar": {
        "radius_Rsun": 1.49169,
        "mass_Msun": 1.09
    },
    "bls": {
        "period_days": 3.2783877838778395,
        "t0": 2990.034607619238,
        "depth": 0.003321224345327253,
        "duration_days": 0.15
    },
    "physical": {
        "planet_radius_Rearth": 9.376880123922817,
        "semi_major_axis_AU": 0.04444778225830296
    },
    "NEA": {
        "NEA_pl_name": "TOI-2986 b",
        "NEA_st_host": "TOI-2986",
        "NEA_st_Teff": 5906.0,
        "NEA_st_rad": 1.458,
        "NEA_st_mass": 1.122,
        "NEA_ra": 163.7715605,
        "NEA_dec": -6.4784524,
        "NEA_period_day": 3.2783662,
        "NEA_a_au": 0.04489,
        "NEA_a_au_err1": 0.00096,
        "NEA_a_au_err2": 0.00096,
        "NEA_pl_rad_e:": 9.292245,
        "NEA_pl_rad_e_err1": 0.25780656,
        "NEA_pl_rad_e_err2": -0.23538859,
        "NEA_pl_mass": 96.61983573,
        "NEA_ins_flux": 1156.0,
        "NEA_pl_eq_temp": 1622.0
    }
}