{
    "target": "TOI-2818",
    "planet_name": "TOI-2818 b",
    "from": "Transit (TESS)",
    "stellar": {
        "radius_Rsun": 1.1411,
        "mass_Msun": 1.36
    },
    "bls": {
        "period_days": 4.039675396753967,
        "t0": 2964.699915905202,
        "depth": 0.006051180631692674,
        "duration_days": 0.15
    },
    "physical": {
        "planet_radius_Rearth": 9.682208778970448,
        "semi_major_axis_AU": 0.05499775951821637
    },
    "NEA": {
        "NEA_pl_name": "TOI-2818 b",
        "NEA_st_host": "TOI-2818",
        "NEA_st_Teff": 5721.0,
        "NEA_st_rad": 1.229,
        "NEA_st_mass": 0.977,
        "NEA_ra": 119.0598183,
        "NEA_dec": -35.1167104,
        "NEA_period_day": 4.039709,
        "NEA_a_au": 0.0493,
        "NEA_a_au_err1": 0.001,
        "NEA_a_au_err2": 0.001,
        "NEA_pl_rad_e:": 15.27784069,
        "NEA_pl_rad_e_err1": 0.51561311,
        "NEA_pl_rad_e_err2": -0.50440413,
        "NEA_pl_mass": 225.65816897,
        "NEA_ins_flux": 598.0,
        "NEA_pl_eq_temp": 1376.0
    }
}