{
    "target": "TOI-251",
    "planet_name": "TOI-251 b",
    "from": "Transit (TESS)",
    "stellar": {
        "radius_Rsun": 0.955756,
        "mass_Msun": 1.04
    },
    "bls": {
        "period_days": 1.8618936189361894,
        "t0": 1355.519560783786,
        "depth": 0.0006477833607397528,
        "duration_days": 0.33
    },
    "physical": {
        "planet_radius_Rearth": 2.6533381811622885,
        "semi_major_axis_AU": 0.03000880749047954
    },
    "NEA": {
        "NEA_pl_name": "TOI-251 b",
        "NEA_st_host": "TOI-251",
        "NEA_st_Teff": 5875.0,
        "NEA_st_rad": 0.881,
        "NEA_st_mass": 1.036,
        "NEA_ra": 353.0620655,
        "NEA_dec": -37.2558629,
        "NEA_period_day": 4.93777,
        "NEA_a_au": 0.05741,
        "NEA_a_au_err1": 0.00023,
        "NEA_a_au_err2": 0.00023,
        "NEA_pl_rad_e:": 2.74,
        "NEA_pl_rad_e_err1": 0.18,
        "NEA_pl_rad_e_err2": -0.18,
        "NEA_pl_mass": 317.83,
        "NEA_ins_flux": NaN,
        "NEA_pl_eq_temp": NaN
    }
}