{
    "target": "TOI-5340",
    "planet_name": "TOI-5340 b",
    "from": "Transit (TESS)",
    "stellar": {
        "radius_Rsun": 1.69085,
        "mass_Msun": 1.23
    },
    "bls": {
        "period_days": 4.939609396093961,
        "t0": 3236.161333238066,
        "depth": 0.004947061234018654,
        "duration_days": 0.2
    },
    "physical": {
        "planet_radius_Rearth": 12.972073600686523,
        "semi_major_axis_AU": 0.06081786327077374
    },
    "NEA": {
        "NEA_pl_name": "TOI-5340 b",
        "NEA_st_host": "TOI-5340",
        "NEA_st_Teff": 5990.0,
        "NEA_st_rad": 1.842,
        "NEA_st_mass": 1.35,
        "NEA_ra": 59.3094816,
        "NEA_dec": 22.3783373,
        "NEA_period_day": 4.9394392,
        "NEA_a_au": 0.0628,
        "NEA_a_au_err1": 0.0011,
        "NEA_a_au_err2": 0.0011,
        "NEA_pl_rad_e:": 15.07607904,
        "NEA_pl_rad_e_err1": 0.57165802,
        "NEA_pl_rad_e_err2": -0.54924005,
        "NEA_pl_mass": 270.15414595,
        "NEA_ins_flux": 1004.0,
        "NEA_pl_eq_temp": 1566.0
    }
}