{
    "target": "TOI-6000",
    "planet_name": "TOI-6000 b",
    "from": "Transit (TESS)",
    "stellar": {
        "radius_Rsun": 0.377509,
        "mass_Msun": 0.365888
    },
    "bls": {
        "period_days": 1.2969729697296972,
        "t0": 1684.5389885074496,
        "depth": 0.00021332848086460181,
        "duration_days": 0.33
    },
    "physical": {
        "planet_radius_Rearth": 0.6014262915191461,
        "semi_major_axis_AU": 0.016647066744551773
    },
    "NEA": {
        "NEA_pl_name": "TOI-6000 b",
        "NEA_st_host": "TOI-6000",
        "NEA_st_Teff": 3419.0,
        "NEA_st_rad": 0.38,
        "NEA_st_mass": 0.37,
        "NEA_ra": 292.6062979,
        "NEA_dec": 68.1545924,
        "NEA_period_day": 0.448959,
        "NEA_a_au": NaN,
        "NEA_a_au_err1": NaN,
        "NEA_a_au_err2": NaN,
        "NEA_pl_rad_e:": 0.94,
        "NEA_pl_rad_e_err1": 0.05,
        "NEA_pl_rad_e_err2": -0.05,
        "NEA_pl_mass": NaN,
        "NEA_ins_flux": NaN,
        "NEA_pl_eq_temp": 1120.0
    }
}