{
    "target": "TOI-1411",
    "planet_name": "TOI-1411 b",
    "from": "Transit (TESS)",
    "stellar": {
        "radius_Rsun": 0.68962,
        "mass_Msun": 0.65
    },
    "bls": {
        "period_days": 19.808508085080852,
        "t0": 1750.6303888458053,
        "depth": 0.0010716468345493837,
        "duration_days": 0.1
    },
    "physical": {
        "planet_radius_Rearth": 2.4624440422280314,
        "semi_major_axis_AU": 0.12410997238041845
    },
    "NEA": {
        "NEA_pl_name": "TOI-1411 b",
        "NEA_st_host": "TOI-1411",
        "NEA_st_Teff": 4266.0,
        "NEA_st_rad": 0.66,
        "NEA_st_mass": 0.59,
        "NEA_ra": 232.946047,
        "NEA_dec": 47.0555507,
        "NEA_period_day": 1.4520358,
        "NEA_a_au": 0.023,
        "NEA_a_au_err1": 0.0026,
        "NEA_a_au_err2": 0.0026,
        "NEA_pl_rad_e:": 1.36,
        "NEA_pl_rad_e_err1": 0.16,
        "NEA_pl_rad_e_err2": -0.16,
        "NEA_pl_mass": NaN,
        "NEA_ins_flux": NaN,
        "NEA_pl_eq_temp": 1136.0
    }
}