{
    "target": "TOI-1683",
    "planet_name": "TOI-1683.01",
    "from": "Transit (TESS)",
    "stellar": {
        "radius_Rsun": 0.695095,
        "mass_Msun": 0.69
    },
    "bls": {
        "period_days": 3.057450574505745,
        "t0": 1816.4450934344918,
        "depth": 0.0007957533260422888,
        "duration_days": 0.05
    },
    "physical": {
        "planet_radius_Rearth": 2.1387699572110166,
        "semi_major_axis_AU": 0.036429821424650545
    },
    "NEA": {
        "NEA_pl_name": "TOI-1683.01",
        "NEA_st_host": "TOI-1683",
        "NEA_st_Teff": 4402.0,
        "NEA_st_rad": 0.7,
        "NEA_st_mass": 0.694661,
        "NEA_ra": 65.9796504,
        "NEA_dec": 27.8223701,
        "NEA_period_day": 3.0575356,
        "NEA_a_au": 0.036507593,
        "NEA_a_au_err1": NaN,
        "NEA_a_au_err2": NaN,
        "NEA_pl_rad_e:": 2.6382,
        "NEA_pl_rad_e_err1": 0.276387,
        "NEA_pl_rad_e_err2": -0.276387,
        "NEA_pl_mass": NaN,
        "NEA_ins_flux": 163.056,
        "NEA_pl_eq_temp": 929.25
    }
}